lgID,playerID,yearID,teamID,salary
AL,rodrial01,2009,NYA,33000000
AL,rodrial01,2010,NYA,33000000
AL,rodrial01,2011,NYA,32000000
AL,rodrial01,2012,NYA,30000000
AL,rodrial01,2013,NYA,29000000
AL,rodrial01,2008,NYA,28000000
AL,wellsve01,2011,LAA,26187500
AL,rodrial01,2005,NYA,26000000
NL,greinza01,2014,LAN,26000000
NL,leecl02,2013,PHI,25000000
NL,howarry01,2014,PHI,25000000
NL,leecl02,2014,PHI,25000000
AL,wellsve01,2013,NYA,24642857
AL,sabatcc01,2010,NYA,24285714
AL,sabatcc01,2011,NYA,24285714
AL,sabatcc01,2013,NYA,24285714
AL,wellsve01,2012,LAA,24187500
AL,canoro01,2014,SEA,24000000
AL,fieldpr01,2014,TEX,24000000
NL,ramirma02,2009,LAN,23854494
AL,giambja01,2007,NYA,23428571
AL,giambja01,2008,NYA,23428571
NL,santajo01,2012,NYN,23145011
AL,teixema01,2011,NYA,23125000
AL,teixema01,2012,NYA,23125000
AL,teixema01,2013,NYA,23125000
AL,mauerjo01,2011,MIN,23000000
AL,fieldpr01,2012,DET,23000000
AL,mauerjo01,2012,MIN,23000000
AL,sabatcc01,2012,NYA,23000000
AL,fieldpr01,2013,DET,23000000
AL,mauerjo01,2013,MIN,23000000
AL,pujolal01,2014,LAA,23000000
AL,mauerjo01,2014,MIN,23000000
AL,sabatcc01,2014,NYA,23000000
AL,hernafe02,2014,SEA,22857000
AL,rodrial01,2007,NYA,22708525
AL,jeterde01,2010,NYA,22600000
AL,ramirma02,2004,BOS,22500000
AL,teixema01,2014,NYA,22500000
NL,hamelco01,2014,PHI,22500000
NL,linceti01,2013,SFN,22250000
AL,rodrial01,2001,TEX,22000000
AL,rodrial01,2002,TEX,22000000
AL,rodrial01,2003,TEX,22000000
AL,rodrial01,2004,NYA,22000000
AL,ramirma02,2005,BOS,22000000
NL,bondsba01,2005,SFN,22000000
AL,cabremi01,2014,DET,22000000
AL,tanakma01,2014,NYA,22000000
NL,gonzaad01,2013,LAN,21857143
AL,gonzaad01,2012,BOS,21857142
AL,rodrial01,2006,NYA,21680727
NL,santajo01,2011,NYN,21644707
AL,jeterde01,2007,NYA,21600000
AL,jeterde01,2008,NYA,21600000
AL,jeterde01,2009,NYA,21600000
NL,leecl02,2012,PHI,21500000
AL,ellsbja01,2014,NYA,21142857
AL,cabremi01,2012,DET,21000000
AL,cabremi01,2013,DET,21000000
NL,greinza01,2013,LAN,21000000
NL,gonzaad01,2014,LAN,21000000
NL,kempma01,2014,LAN,21000000
NL,crawfca02,2013,LAN,20857143
NL,cainma01,2013,SFN,20833333
AL,teixema01,2009,NYA,20625000
AL,teixema01,2010,NYA,20625000
AL,jeterde01,2006,NYA,20600000
AL,hernafe02,2013,SEA,20557143
NL,hamelco01,2013,PHI,20500000
AL,giambja01,2006,NYA,20428571
AL,crawfca02,2012,BOS,20357142
NL,heltoto01,2011,COL,20275000
NL,kempma01,2013,LAN,20250000
NL,crawfca02,2014,LAN,20250000
NL,santajo01,2010,NYN,20144707
AL,verlaju01,2012,DET,20100000
AL,verlaju01,2013,DET,20100000
AL,ramirma02,2003,BOS,20000000
AL,cabremi01,2010,DET,20000000
AL,cabremi01,2011,DET,20000000
NL,hallaro01,2011,PHI,20000000
NL,howarry01,2011,PHI,20000000
NL,hallaro01,2012,PHI,20000000
NL,howarry01,2012,PHI,20000000
NL,hallaro01,2013,PHI,20000000
NL,howarry01,2013,PHI,20000000
NL,zitoba01,2013,SFN,20000000
AL,verlaju01,2014,DET,20000000
NL,wrighda03,2014,NYN,20000000
NL,cainma01,2014,SFN,20000000
NL,werthja01,2014,WAS,20000000
AL,delgaca01,2004,TOR,19700000
AL,hernafe02,2012,SEA,19700000
AL,jeterde01,2005,NYA,19600000
NL,wainwad01,2014,SLN,19500000
NL,beltrca01,2010,NYN,19401569
AL,delgaca01,2002,TOR,19400000
NL,bagweje01,2006,HOU,19369019
NL,bondsba01,2006,SFN,19331470
NL,beltrca01,2011,NYN,19325436
NL,beltrca01,2009,NYN,19243682
AL,mussimi01,2005,NYA,19000000
AL,mussimi01,2006,NYA,19000000
NL,leeca01,2009,HOU,19000000
NL,soriaal01,2010,CHN,19000000
NL,leeca01,2010,HOU,19000000
NL,howarry01,2010,PHI,19000000
NL,soriaal01,2011,CHN,19000000
NL,leeca01,2011,HOU,19000000
NL,soriaal01,2012,CHN,19000000
NL,leeca01,2012,HOU,19000000
NL,zambrca01,2012,MIA,19000000
NL,zitoba01,2012,SFN,19000000
NL,soriaal01,2013,CHN,19000000
AL,ordonma01,2009,DET,18971596
AL,ramirma02,2008,BOS,18929923
NL,vottojo01,2013,CIN,18910655
NL,santajo01,2009,NYN,18876139
NL,zambrca01,2010,CHN,18875000
NL,zambrca01,2011,CHN,18875000
NL,zambrca01,2009,CHN,18750000
AL,delgaca01,2003,TOR,18700000
AL,lackejo01,2010,BOS,18700000
NL,ramirma02,2010,LAN,18695006
NL,beltrca01,2008,NYN,18622809
AL,jeterde01,2004,NYA,18600000
NL,zitoba01,2009,SFN,18500000
AL,hunteto01,2010,LAA,18500000
NL,zitoba01,2010,SFN,18500000
AL,hunteto01,2011,LAA,18500000
NL,zitoba01,2011,SFN,18500000
AL,hunteto01,2012,LAA,18500000
NL,youngmi02,2013,PHI,18374975
AL,ramirma02,2006,BOS,18279238
NL,linceti01,2012,SFN,18250000
NL,bayja01,2011,NYN,18125000
NL,bayja01,2012,NYN,18125000
NL,bondsba01,2004,SFN,18000000
NL,bagweje01,2005,HOU,18000000
NL,clemero02,2005,HOU,18000000
AL,hunteto01,2009,LAA,18000000
AL,suzukic01,2009,SEA,18000000
AL,suzukic01,2010,SEA,18000000
AL,suzukic01,2011,SEA,18000000
AL,suzukic01,2012,SEA,18000000
AL,soriaal01,2014,NYA,18000000
AL,ordonma01,2010,DET,17825976
NL,heltoto01,2010,COL,17775000
AL,martipe02,2004,BOS,17500000
AL,hamiljo03,2013,LAA,17400000
NL,vaughmo01,2003,NYN,17166667
NL,vaughmo01,2004,NYN,17166667
AL,suzukic01,2008,SEA,17102149
AL,ramirma02,2007,BOS,17016381
AL,sosasa01,2005,BAL,17000000
NL,soriaal01,2009,CHN,17000000
AL,beckejo02,2011,BOS,17000000
AL,beckejo02,2012,BOS,17000000
AL,peavyja01,2012,CHA,17000000
NL,beckejo02,2013,LAN,17000000
AL,hamiljo03,2014,LAA,17000000
AL,mccanbr01,2014,NYA,17000000
NL,linceti01,2014,SFG,17000000
NL,hollima01,2014,SLN,17000000
AL,beltrad01,2014,TEX,17000000
NL,santajo01,2008,NYN,16984216
NL,ramirar01,2010,CHN,16750000
AL,jeterde01,2013,NYA,16729365
NL,greensh01,2004,LAN,16666667
NL,ramirar01,2009,CHN,16650000
NL,heltoto01,2006,COL,16600000
NL,heltoto01,2007,COL,16600000
NL,heltoto01,2008,COL,16600000
NL,heltoto01,2009,COL,16600000
NL,werthja01,2013,WAS,16571429
AL,hunteto01,2008,LAA,16500000
AL,burneaj01,2009,NYA,16500000
AL,burneaj01,2010,NYA,16500000
AL,burneaj01,2011,NYA,16500000
NL,burneaj01,2012,PIT,16500000
NL,burneaj01,2013,PIT,16500000
NL,arroybr01,2013,CIN,16445535
NL,pettian01,2006,HOU,16428416
NL,hollima01,2010,SLN,16333327
NL,hollima01,2011,SLN,16317774
NL,hollima01,2012,SLN,16292362
NL,hollima01,2013,SLN,16272110
AL,ordonma01,2006,DET,16200000
AL,weaveje02,2013,LAA,16200000
AL,youngmi02,2011,TEX,16174974
AL,youngmi02,2012,TEX,16174974
AL,peavyja01,2013,CHA,16157271
NL,piazzmi01,2004,NYN,16071429
NL,piazzmi01,2005,NYN,16071429
NL,jonesch06,2005,ATL,16061802
NL,sosasa01,2003,CHN,16000000
NL,johnsra05,2004,ARI,16000000
NL,sosasa01,2004,CHN,16000000
NL,bagweje01,2004,HOU,16000000
AL,mussimi01,2004,NYA,16000000
AL,johnsra05,2005,NYA,16000000
AL,colonba01,2007,LAA,16000000
AL,pettian01,2007,NYA,16000000
NL,zambrca01,2008,CHN,16000000
AL,abreubo01,2008,NYA,16000000
AL,pettian01,2008,NYA,16000000
NL,delgaca01,2008,NYN,16000000
AL,peavyja01,2011,CHA,16000000
NL,oswalro01,2011,PHI,16000000
AL,pujolal01,2013,LAA,16000000
AL,beltrad01,2013,TEX,16000000
AL,napolmi01,2014,BOS,16000000
NL,tulowtr01,2014,COL,16000000
AL,kinslia01,2014,DET,16000000
AL,weaveje02,2014,LAA,16000000
AL,wilsocj01,2014,LAA,16000000
NL,ramirha01,2014,LAN,16000000
NL,ramirar01,2014,MIL,16000000
AL,kurodhi01,2014,NYA,16000000
NL,pencehu01,2014,SFG,16000000
AL,reyesjo01,2014,TOR,16000000
NL,hamptmi01,2008,ATL,15975184
AL,lackejo01,2011,BOS,15950000
AL,lackejo01,2012,BOS,15950000
AL,lackejo01,2013,BOS,15950000
NL,carpech01,2010,SLN,15840971
AL,sanchan01,2014,DET,15800000
AL,ordonma01,2008,DET,15768174
NL,hallaro01,2010,PHI,15750000
AL,danksjo01,2013,CHA,15750000
NL,beckejo02,2014,LAN,15750000
NL,furcara01,2008,LAN,15730195
AL,jeterde01,2012,NYA,15729364
NL,brownke01,2000,LAN,15714286
NL,brownke01,2001,LAN,15714286
NL,brownke01,2002,LAN,15714286
NL,brownke01,2003,LAN,15714286
AL,brownke01,2004,NYA,15714286
AL,brownke01,2005,NYA,15714286
NL,schmija01,2007,LAN,15703946
AL,wellsve01,2010,TOR,15687500
NL,greensh01,2003,LAN,15666667
AL,thomeji01,2008,CHA,15666666
AL,johnsra05,2006,NYA,15661427
AL,jeterde01,2003,NYA,15600000
NL,piazzmi01,2003,NYN,15571429
NL,bondsba01,2007,SFN,15533970
AL,scherma01,2014,DET,15525000
NL,parkch01,2006,SDN,15505142
AL,martipe02,2003,BOS,15500000
NL,bondsba01,2003,SFN,15500000
AL,sexsori01,2007,SEA,15500000
NL,hudsoti01,2008,ATL,15500000
AL,guerrvl01,2008,LAA,15500000
AL,sexsori01,2008,SEA,15500000
NL,hudsoti01,2009,ATL,15500000
NL,fieldpr01,2011,MIL,15500000
NL,ramirha01,2013,LAN,15500000
NL,ethiean01,2014,LAN,15500000
NL,peraljh01,2014,SLN,15500000
AL,ramirma02,2002,BOS,15462727
NL,kurodhi01,2010,LAN,15433333
AL,markani01,2013,BAL,15350000
NL,jonesch06,2004,ATL,15333333
NL,cainma01,2012,SFN,15333333
AL,sabatcc01,2009,NYA,15285714
NL,utleych01,2010,PHI,15285714
NL,utleych01,2011,PHI,15285714
NL,utleych01,2012,PHI,15285714
NL,utleych01,2013,PHI,15285714
NL,wrighda03,2012,NYN,15250000
AL,hamiljo03,2012,TEX,15250000
NL,lackejo01,2014,SLN,15250000
NL,schmija01,2008,LAN,15217401
NL,schmija01,2009,LAN,15217401
NL,hamptmi01,2005,ATL,15125000
NL,johnsra05,2008,ARI,15100546
NL,sosasa01,2002,CHN,15000000
NL,bondsba01,2002,SFN,15000000
NL,johnsra05,2003,ARI,15000000
AL,parkch01,2005,TEX,15000000
AL,abreubo01,2007,NYA,15000000
NL,ramirar01,2008,CHN,15000000
AL,riverma01,2008,NYA,15000000
NL,lowede01,2009,ATL,15000000
AL,guerrvl01,2009,LAA,15000000
AL,riverma01,2009,NYA,15000000
NL,howarry01,2009,PHI,15000000
NL,lowede01,2010,ATL,15000000
AL,peavyja01,2010,CHA,15000000
NL,oswalro01,2010,HOU,15000000
AL,morneju01,2010,MIN,15000000
AL,riverma01,2010,NYA,15000000
NL,lowede01,2011,ATL,15000000
AL,morneju01,2011,MIN,15000000
AL,lowede01,2012,CLE,15000000
NL,ramirha01,2012,MIA,15000000
AL,morneju01,2012,MIN,15000000
NL,hamelco01,2012,PHI,15000000
AL,beltrad01,2012,TEX,15000000
AL,dunnad01,2013,CHA,15000000
AL,morneju01,2013,MIN,15000000
AL,canoro01,2013,NYA,15000000
AL,grandcu01,2013,NYA,15000000
AL,kurodhi01,2013,NYA,15000000
AL,markani01,2014,BAL,15000000
AL,ortizda01,2014,BOS,15000000
AL,dunnad01,2014,CHA,15000000
AL,swishni01,2014,CLE,15000000
AL,beltrca01,2014,NYA,15000000
NL,burneaj01,2014,PHI,15000000
NL,utleych01,2014,PHI,15000000
NL,molinya01,2014,SLN,15000000
AL,riverma01,2012,NYA,14940025
NL,sheffga01,1998,FLO,14936667
AL,riverma01,2011,NYA,14911700
NL,martipe02,2006,NYN,14875000
AL,crawfca02,2011,BOS,14857142
AL,thomeji01,2007,CHA,14833333
NL,tejadmi01,2008,HOU,14811414
NL,tejadmi01,2009,HOU,14811414
NL,maddugr01,2003,ATL,14750000
AL,jeterde01,2011,NYA,14729364
NL,jonesan01,2008,LAN,14726910
NL,hamptmi01,2004,ATL,14625000
AL,jeterde01,2002,NYA,14600000
NL,ramirar01,2011,CHN,14600000
NL,pujolal01,2010,SLN,14595953
AL,ortizda01,2012,BOS,14575000
NL,pujolal01,2011,SLN,14508395
NL,hamptmi01,2006,ATL,14503543
AL,schilcu01,2005,BOS,14500000
NL,berkmla01,2006,HOU,14500000
NL,hamptmi01,2007,ATL,14500000
NL,berkmla01,2007,HOU,14500000
AL,guerrvl01,2007,LAA,14500000
NL,delgaca01,2007,NYN,14500000
NL,berkmla01,2008,HOU,14500000
NL,zitoba01,2008,SFN,14500000
NL,berkmla01,2009,HOU,14500000
NL,berkmla01,2010,HOU,14500000
NL,fukudko01,2011,CHN,14500000
AL,ortizda01,2013,BOS,14500000
NL,peavyja01,2014,SFG,14500000
NL,pujolal01,2009,SLN,14427326
AL,cabremi01,2009,DET,14383049
NL,carpech02,2011,SLN,14259403
NL,burrepa01,2008,PHI,14250000
AL,hallaro01,2009,TOR,14250000
NL,wrighda03,2011,NYN,14250000
NL,uptonju01,2014,ATL,14250000
AL,danksjo01,2014,CHA,14250000
AL,weaveje02,2012,LAA,14200000
NL,molinya01,2013,SLN,14200000
AL,thomeji01,2006,CHA,14166667
NL,zimmery01,2013,WAS,14100000
NL,santaer01,2014,ATL,14100000
NL,martipe02,2007,NYN,14002234
AL,martipe02,2002,BOS,14000000
AL,ordonma01,2004,CHA,14000000
AL,parkch01,2004,TEX,14000000
AL,colonba01,2006,LAA,14000000
NL,pujolal01,2006,SLN,14000000
NL,jonesan01,2007,ATL,14000000
AL,drewjd01,2007,BOS,14000000
NL,smoltjo01,2008,ATL,14000000
AL,drewjd01,2008,BOS,14000000
AL,buehrma01,2008,CHA,14000000
NL,soriaal01,2008,CHN,14000000
AL,drewjd01,2009,BOS,14000000
AL,buehrma01,2009,CHA,14000000
NL,haranaa01,2009,CIN,14000000
NL,oswalro01,2009,HOU,14000000
NL,sheffga01,2009,NYN,14000000
NL,jonesch06,2010,ATL,14000000
AL,drewjd01,2010,BOS,14000000
AL,buehrma01,2010,CHA,14000000
NL,fukudko01,2010,CHN,14000000
NL,jonesch06,2011,ATL,14000000
AL,drewjd01,2011,BOS,14000000
AL,buehrma01,2011,CHA,14000000
NL,linceti01,2011,SFN,14000000
AL,beltrad01,2011,TEX,14000000
NL,jonesch06,2012,ATL,14000000
AL,dunnad01,2012,CHA,14000000
NL,dempsry01,2012,CHN,14000000
AL,canoro01,2012,NYA,14000000
AL,bautijo02,2012,TOR,14000000
AL,bautijo02,2013,TOR,14000000
AL,hunteto01,2014,DET,14000000
AL,priceda01,2014,TBA,14000000
AL,choosh01,2014,TEX,14000000
AL,bautijo02,2014,TOR,14000000
NL,zimmery01,2014,WAS,14000000
NL,pujolal01,2008,SLN,13870949
AL,tejadmi01,2007,BAL,13811415
NL,pencehu01,2013,SFN,13800000
NL,johnsjo09,2012,MIA,13750000
AL,johnsjo09,2013,TOR,13750000
NL,furcara01,2007,LAN,13730196
AL,delgaca01,2001,TOR,13650000
NL,hamptmi01,2003,ATL,13625000
NL,abreubo01,2006,PHI,13600000
NL,rowanaa01,2010,SFN,13600000
NL,rowanaa01,2011,SFN,13600000
NL,piazzmi01,2001,NYN,13571429
NL,beltrca01,2007,NYN,13571429
NL,beltrca01,2006,NYN,13571428
NL,werthja01,2012,WAS,13571428
NL,jonesan01,2006,ATL,13500000
AL,guerrvl01,2006,LAA,13500000
NL,delgaca01,2006,NYN,13500000
AL,hollima01,2009,OAK,13500000
NL,dempsry01,2010,CHN,13500000
NL,dempsry01,2011,CHN,13500000
NL,greinza01,2011,MIL,13500000
NL,greinza01,2012,MIL,13500000
NL,ethiean01,2013,LAN,13500000
NL,rodriwa01,2013,PIT,13500000
AL,bournmi01,2014,CLE,13500000
AL,shielja02,2014,KCA,13500000
NL,uptonbj01,2014,ATL,13450000
AL,giambja01,2005,NYA,13428571
NL,greensh01,2002,LAN,13416667
NL,dreifda01,2005,LAN,13400000
AL,beltrad01,2008,SEA,13400000
AL,beltrad01,2009,SEA,13400000
NL,johnsra05,2000,ARI,13350000
NL,johnsra05,2001,ARI,13350000
NL,johnsra05,2002,ARI,13350000
NL,jonesch06,2003,ATL,13333333
AL,sheffga01,2008,DET,13326306
NL,carpech01,2009,SLN,13302583
AL,ortizda01,2007,BOS,13250000
NL,leede02,2007,CHN,13250000
NL,burrepa01,2007,PHI,13250000
NL,leede02,2008,CHN,13250000
NL,leede02,2009,CHN,13250000
NL,leede02,2010,CHN,13250000
AL,dempsry01,2013,BOS,13250000
AL,ordonma01,2007,DET,13200000
AL,burneaj01,2007,TOR,13200000
AL,burneaj01,2008,TOR,13200000
AL,youngmi02,2010,TEX,13174974
AL,vaughmo01,2001,ANA,13166667
NL,thomeji01,2005,PHI,13166667
NL,lillyte01,2013,LAN,13166667
NL,ugglada01,2012,ATL,13146942
NL,ugglada01,2013,ATL,13146942
NL,maddugr01,2002,ATL,13100000
NL,abreubo01,2005,PHI,13100000
AL,posadjo01,2008,NYA,13100000
AL,posadjo01,2009,NYA,13100000
AL,posadjo01,2010,NYA,13100000
AL,posadjo01,2011,NYA,13100000
AL,youngmi02,2009,TEX,13054526
AL,ramirma02,2001,BOS,13050000
NL,uptonbj01,2013,ATL,13050000
AL,martipe02,2001,BOS,13000000
AL,belleal01,2003,BAL,13000000
NL,bagweje01,2003,HOU,13000000
AL,mondera01,2003,NYA,13000000
AL,gonzaju03,2003,TEX,13000000
AL,parkch01,2003,TEX,13000000
AL,sheffga01,2004,NYA,13000000
NL,jonesan01,2005,ATL,13000000
AL,sheffga01,2005,NYA,13000000
AL,schilcu01,2006,BOS,13000000
AL,damonjo01,2006,NYA,13000000
AL,matsuhi01,2006,NYA,13000000
AL,sexsori01,2006,SEA,13000000
AL,schilcu01,2007,BOS,13000000
NL,oswalro01,2007,HOU,13000000
AL,santajo01,2007,MIN,13000000
AL,damonjo01,2007,NYA,13000000
AL,matsuhi01,2007,NYA,13000000
AL,ortizda01,2008,BOS,13000000
NL,dunnad01,2008,CIN,13000000
NL,oswalro01,2008,HOU,13000000
AL,damonjo01,2008,NYA,13000000
AL,matsuhi01,2008,NYA,13000000
AL,ortizda01,2009,BOS,13000000
AL,thomeji01,2009,CHA,13000000
NL,lillyte01,2009,CHN,13000000
AL,damonjo01,2009,NYA,13000000
AL,matsuhi01,2009,NYA,13000000
AL,ortizda01,2010,BOS,13000000
NL,lillyte01,2010,CHN,13000000
AL,guillca01,2010,DET,13000000
AL,hafnetr01,2011,CLE,13000000
NL,furcara01,2011,LAN,13000000
AL,bradlmi01,2011,SEA,13000000
AL,hafnetr01,2012,CLE,13000000
AL,martivi01,2012,DET,13000000
NL,beltrca01,2012,SLN,13000000
AL,victosh01,2013,BOS,13000000
AL,riosal01,2013,CHA,13000000
NL,jacksed01,2013,CHN,13000000
AL,martivi01,2013,DET,13000000
AL,santaer01,2013,KCA,13000000
NL,papeljo01,2013,PHI,13000000
NL,beltrca01,2013,SLN,13000000
AL,kinslia01,2013,TEX,13000000
NL,harenda01,2013,WAS,13000000
NL,ugglada01,2014,ATL,13000000
AL,jonesad01,2014,BAL,13000000
AL,lestejo01,2014,BOS,13000000
AL,victosh01,2014,BOS,13000000
NL,grandcu01,2014,NYM,13000000
NL,papeljo01,2014,PHI,13000000
NL,rodriwa01,2014,PIT,13000000
NL,pujolal01,2007,SLN,12937813
AL,guillca01,2011,DET,12922231
AL,beltrad01,2006,SEA,12900000
AL,beltrad01,2007,SEA,12900000
AL,millwke01,2009,TEX,12868892
AL,belleal01,2000,BAL,12868670
AL,kendaja01,2007,OAK,12858194
AL,verlaju01,2011,DET,12850000
AL,hallaro01,2006,TOR,12750000
AL,hallaro01,2007,TOR,12750000
NL,suppaje01,2009,MIL,12750000
NL,silvaca01,2010,CHN,12750000
NL,suppaje01,2010,MIL,12750000
AL,harenda01,2011,LAA,12750000
AL,harenda01,2012,LAA,12750000
NL,walkela01,2002,COL,12666667
NL,walkela01,2003,COL,12666667
NL,walkela01,2004,COL,12666667
NL,walkela01,2005,SLN,12666667
AL,jeterde01,2001,NYA,12600000
NL,heltoto01,2005,COL,12600000
AL,anderga01,2008,LAA,12600000
AL,thomafr04,2008,TOR,12560000
AL,konerpa01,2013,CHA,12501506
NL,maddugr01,2001,ATL,12500000
NL,sosasa01,2001,CHN,12500000
NL,griffke02,2001,CIN,12500000
NL,griffke02,2003,CIN,12500000
NL,jonesan01,2004,ATL,12500000
NL,griffke02,2004,CIN,12500000
NL,hidalri01,2004,HOU,12500000
NL,morrima01,2004,SLN,12500000
NL,griffke02,2005,CIN,12500000
NL,wilsopr01,2005,COL,12500000
AL,guerrvl01,2005,LAA,12500000
AL,suzukic01,2005,SEA,12500000
AL,suzukic01,2006,SEA,12500000
AL,vazquja01,2007,CHA,12500000
AL,suzukic01,2007,SEA,12500000
NL,teixema01,2008,ATL,12500000
AL,lowelmi01,2008,BOS,12500000
NL,leeca01,2008,HOU,12500000
NL,glaustr01,2008,SLN,12500000
AL,lowelmi01,2009,BOS,12500000
NL,fukudko01,2009,CHN,12500000
AL,bondeje01,2009,DET,12500000
AL,lowelmi01,2010,BOS,12500000
NL,haranaa01,2010,CIN,12500000
AL,bondeje01,2010,DET,12500000
AL,mauerjo01,2010,MIN,12500000
AL,chaveer01,2010,OAK,12500000
AL,ortizda01,2011,BOS,12500000
AL,riosal01,2011,CHA,12500000
AL,riosal01,2012,CHA,12500000
NL,phillbr01,2012,CIN,12500000
AL,pedrodu01,2014,BOS,12500000
NL,garzama01,2014,MIL,12500000
NL,poseybu01,2014,SFG,12500000
AL,riosal01,2014,TEX,12500000
NL,rolensc01,2006,SLN,12456336
NL,kurodhi01,2009,LAN,12433333
AL,giambja01,2004,NYA,12428571
NL,dreifda01,2003,LAN,12400000
NL,dreifda01,2004,LAN,12400000
NL,zambrca01,2007,CHN,12400000
AL,mechegi01,2010,KCA,12400000
AL,rodriiv01,2008,DET,12379883
AL,belleal01,2002,BAL,12368790
AL,willibe02,2000,NYA,12357143
AL,willibe02,2001,NYA,12357143
AL,willibe02,2002,NYA,12357143
AL,willibe02,2003,NYA,12357143
AL,willibe02,2004,NYA,12357143
AL,willibe02,2005,NYA,12357143
AL,markani01,2012,BAL,12350000
NL,jonesch06,2006,ATL,12333333
NL,jonesch06,2007,ATL,12333333
NL,jonesch06,2008,ATL,12333333
NL,rolensc01,2007,SLN,12311637
AL,silvaca01,2009,SEA,12250000
AL,youklke01,2011,BOS,12250000
AL,youklke01,2012,BOS,12250000
NL,lohseky01,2011,SLN,12187500
NL,lohseky01,2012,SLN,12187500
NL,walkela01,2001,COL,12166667
NL,greensh01,2001,LAN,12166667
NL,vaughmo01,2002,NYN,12166667
NL,burnije01,2003,NYN,12166667
NL,thomeji01,2004,PHI,12166667
NL,rodrifr03,2010,NYN,12166666
NL,ibanera01,2010,PHI,12166666
NL,rodrifr03,2011,NYN,12166666
NL,ibanera01,2011,PHI,12166666
NL,walkela01,2000,COL,12142857
NL,glaustr01,2009,SLN,12137000
NL,sheetbe01,2008,MIL,12125000
NL,cordefr01,2009,CIN,12125000
NL,cordefr01,2010,CIN,12125000
NL,cordefr01,2011,CIN,12125000
AL,beckejo02,2010,BOS,12100000
NL,myersbr01,2009,PHI,12083333
NL,edmonji01,2006,SLN,12074702
NL,piazzmi01,2000,NYN,12071429
AL,belleal01,2001,BAL,12049040
AL,coneda01,2000,NYA,12000000
NL,jonesan01,2003,ATL,12000000
AL,mussimi01,2003,NYA,12000000
AL,schilcu01,2004,BOS,12000000
AL,konerpa01,2006,CHA,12000000
AL,vazquja01,2006,CHA,12000000
NL,woodke02,2006,CHN,12000000
AL,posadjo01,2006,NYA,12000000
AL,konerpa01,2007,CHA,12000000
AL,hunteto01,2007,MIN,12000000
AL,posadjo01,2007,NYA,12000000
AL,konerpa01,2008,CHA,12000000
AL,guillca01,2008,DET,12000000
AL,guilljo01,2008,KCA,12000000
AL,garlajo01,2008,LAA,12000000
AL,ryanbj01,2008,TOR,12000000
AL,konerpa01,2009,CHA,12000000
AL,guilljo01,2009,KCA,12000000
NL,delgaca01,2009,NYN,12000000
NL,perezol01,2009,NYN,12000000
NL,lidgebr01,2009,PHI,12000000
AL,padilvi01,2009,TEX,12000000
AL,ryanbj01,2009,TOR,12000000
AL,millwke01,2010,BAL,12000000
AL,konerpa01,2010,CHA,12000000
AL,willido03,2010,DET,12000000
AL,guilljo01,2010,KCA,12000000
NL,perezol01,2010,NYN,12000000
NL,lidgebr01,2010,PHI,12000000
NL,dunnad01,2010,WAS,12000000
AL,papeljo01,2011,BOS,12000000
AL,dunnad01,2011,CHA,12000000
AL,konerpa01,2011,CHA,12000000
AL,martivi01,2011,DET,12000000
AL,kazmisc01,2011,LAA,12000000
NL,lidgebr01,2011,PHI,12000000
AL,konerpa01,2012,CHA,12000000
NL,myersbr01,2012,HOU,12000000
AL,pujolal01,2012,LAA,12000000
NL,berkmla01,2012,SLN,12000000
NL,zimmery01,2012,WAS,12000000
NL,mccanbr01,2013,ATL,12000000
AL,hunteto01,2013,DET,12000000
AL,pettian01,2013,NYA,12000000
AL,youklke01,2013,NYA,12000000
NL,wainwad01,2013,SLN,12000000
AL,buehrma01,2013,TOR,12000000
NL,vottojo01,2014,CIN,12000000
AL,martivi01,2014,DET,12000000
AL,feldmsc01,2014,HOU,12000000
AL,nolasri01,2014,MIN,12000000
AL,jeterde01,2014,NYA,12000000
AL,dickera01,2014,TOR,12000000
NL,larocad01,2014,WAS,12000000
AL,belleal01,1999,BAL,11949794
AL,higgibo02,2003,DET,11850000
NL,martipe02,2008,NYN,11813351
AL,tejadmi01,2006,BAL,11811415
NL,kurodhi01,2011,LAN,11765724
AL,pettian01,2010,NYA,11750000
NL,kershcl01,2013,LAN,11750000
NL,soriara01,2013,WAS,11742091
AL,hernafe02,2011,SEA,11700000
AL,dyeje01,2003,OAK,11666667
NL,smoltjo01,2004,ATL,11666667
AL,dyeje01,2004,OAK,11666667
NL,byrneer01,2009,ARI,11666666
NL,lillyte01,2012,LAN,11666666
NL,rolensc01,2005,SLN,11625000
AL,rolensc01,2008,TOR,11625000
AL,rolensc01,2009,TOR,11625000
NL,arroybr01,2010,CIN,11625000
AL,lestejo01,2013,BOS,11625000
NL,heltoto01,2004,COL,11600000
AL,anderga01,2007,LAA,11600000
AL,morneju01,2009,MIN,11600000
NL,beltrca01,2005,NYN,11571429
AL,martipe02,2000,BOS,11500000
AL,mondera01,2001,TOR,11500000
AL,appieke01,2003,ANA,11500000
NL,guerrvl01,2003,MON,11500000
AL,pettian01,2003,NYA,11500000
AL,garcino01,2004,BOS,11500000
NL,leeca01,2007,HOU,11500000
AL,vazquja01,2008,CHA,11500000
AL,chaveer01,2008,OAK,11500000
NL,vazquja01,2009,ATL,11500000
AL,dyeje01,2009,CHA,11500000
AL,hafnetr01,2009,CLE,11500000
AL,chaveer01,2009,OAK,11500000
AL,hafnetr01,2010,CLE,11500000
AL,vazquja01,2010,NYA,11500000
NL,mccanbr01,2012,ATL,11500000
AL,wilsocj01,2013,LAA,11500000
NL,nolasri01,2013,MIA,11500000
AL,kendaja01,2006,OAK,11492454
NL,phillbr01,2011,CIN,11437500
AL,giambja01,2003,NYA,11428571
NL,sheffga01,2003,ATL,11416667
NL,vottojo01,2012,CIN,11410655
AL,beltrad01,2005,SEA,11400000
NL,drewjd01,2006,LAN,11400000
AL,mechegi01,2008,KCA,11400000
AL,mechegi01,2009,KCA,11400000
NL,matthga02,2010,NYN,11400000
NL,jonesch06,2002,ATL,11333333
AL,cabremi01,2008,DET,11300000
NL,utleych01,2009,PHI,11285714
AL,nathajo01,2009,MIN,11250000
AL,nathajo01,2010,MIN,11250000
AL,nathajo01,2011,MIN,11250000
AL,jimenub01,2014,BAL,11250000
NL,gallayo01,2014,MIL,11250000
AL,santaer01,2012,LAA,11200000
AL,vaughmo01,2000,ANA,11166667
NL,thomeji01,2003,PHI,11166667
AL,beckejo02,2009,BOS,11166666
NL,sheetbe01,2007,MIL,11125000
AL,martipe02,1999,BOS,11100000
NL,maddugr01,2000,ATL,11100000
AL,mussimi01,2008,NYA,11071029
AL,mussimi01,2007,NYA,11070423
NL,papeljo01,2012,PHI,11000058
NL,sosasa01,2000,CHN,11000000
NL,mcgwima01,2001,SLN,11000000
NL,bagweje01,2002,HOU,11000000
AL,mussimi01,2002,NYA,11000000
AL,gonzaju03,2002,TEX,11000000
AL,mondera01,2002,TOR,11000000
AL,garcino01,2003,BOS,11000000
AL,sweenmi01,2003,KCA,11000000
NL,glavito02,2003,NYN,11000000
AL,colonba01,2004,ANA,11000000
AL,guerrvl01,2004,ANA,11000000
AL,sweenmi01,2004,KCA,11000000
NL,millwke01,2004,PHI,11000000
NL,vazquja01,2005,ARI,11000000
AL,tejadmi01,2005,BAL,11000000
AL,sweenmi01,2005,KCA,11000000
AL,posadjo01,2005,NYA,11000000
NL,pujolal01,2005,SLN,11000000
NL,smoltjo01,2006,ATL,11000000
NL,oswalro01,2006,HOU,11000000
AL,sweenmi01,2006,KCA,11000000
AL,varitja01,2007,BOS,11000000
AL,sweenmi01,2007,KCA,11000000
AL,sabatcc01,2008,CLE,11000000
AL,pavanca01,2008,NYA,11000000
AL,padilvi01,2008,TEX,11000000
NL,peavyja01,2009,SDN,11000000
AL,westbja01,2010,CLE,11000000
NL,fieldpr01,2010,MIL,11000000
AL,bradlmi01,2010,SEA,11000000
NL,ramirha01,2011,FLO,11000000
NL,reyesjo01,2011,NYN,11000000
NL,leecl02,2011,PHI,11000000
NL,weeksri01,2012,MIL,11000000
AL,soriara01,2012,NYA,11000000
NL,rolliji01,2012,PHI,11000000
AL,swishni01,2013,CLE,11000000
NL,delarjo01,2013,COL,11000000
AL,shielja02,2013,KCA,11000000
NL,billich01,2013,LAN,11000000
NL,weeksri01,2013,MIL,11000000
NL,rolliji01,2013,PHI,11000000
NL,hillaa01,2014,ARI,11000000
NL,pradoma01,2014,ARI,11000000
NL,jacksed01,2014,CHN,11000000
NL,phillbr01,2014,CIN,11000000
NL,rosajo01,2014,COL,11000000
NL,lohseky01,2014,MIL,11000000
NL,weeksri01,2014,MIL,11000000
NL,rolliji01,2014,PHI,11000000
NL,hudsoti01,2014,SFG,11000000
NL,soriara01,2014,WAS,11000000
NL,jacksed01,2012,WAS,10957715
NL,ethiean01,2012,LAN,10950000
AL,sheffga01,2007,DET,10916071
AL,riverma01,2004,NYA,10890000
NL,martipe02,2005,NYN,10875000
NL,glavito02,2004,NYN,10765608
NL,glavito02,2005,NYN,10765608
AL,sheffga01,2006,NYA,10756171
AL,radkebr01,2004,MIN,10750000
NL,ramirar01,2006,CHN,10750000
AL,hunteto01,2006,MIN,10750000
NL,brownke01,1999,LAN,10714286
NL,gonzalu01,2006,ARI,10673328
NL,smoltjo01,2003,ATL,10666667
NL,bondsba01,2000,SFN,10658826
AL,rodriiv01,2006,DET,10616410
NL,maddugr01,1999,ATL,10600000
NL,heltoto01,2003,COL,10600000
NL,abreubo01,2004,PHI,10600000
AL,anderga01,2006,LAA,10600000
AL,markani01,2011,BAL,10600000
NL,piazzmi01,2002,NYN,10571429
AL,kendaja01,2005,OAK,10571429
NL,werthja01,2011,WAS,10571428
AL,rodriiv01,2007,DET,10567639
NL,headlch01,2014,SDN,10525000
NL,hamptmi01,2001,COL,10500000
AL,riverma01,2003,NYA,10500000
NL,morrima01,2003,SLN,10500000
NL,berkmla01,2005,HOU,10500000
AL,riverma01,2005,NYA,10500000
AL,hallaro01,2005,TOR,10500000
AL,riverma01,2006,NYA,10500000
NL,wagnebi02,2006,NYN,10500000
NL,schmija01,2006,SFN,10500000
NL,dunnad01,2007,CIN,10500000
AL,riverma01,2007,NYA,10500000
NL,wagnebi02,2007,NYN,10500000
AL,glaustr01,2007,TOR,10500000
NL,wagnebi02,2008,NYN,10500000
NL,carpech01,2008,SLN,10500000
AL,mauerjo01,2009,MIN,10500000
NL,wagnebi02,2009,NYN,10500000
AL,woodke02,2010,CLE,10500000
AL,cuddymi01,2011,MIN,10500000
NL,blantjo01,2011,PHI,10500000
NL,cuddymi01,2012,COL,10500000
NL,delarjo01,2012,COL,10500000
NL,rodriwa01,2012,HOU,10500000
AL,wilsocj01,2012,LAA,10500000
NL,blantjo01,2012,PHI,10500000
NL,cuddymi01,2013,COL,10500000
NL,cuddymi01,2014,COL,10500000
NL,gonzaca01,2014,COL,10500000
AL,cespeyo01,2014,OAK,10500000
AL,nevinph01,2006,TEX,10472409
NL,griffke02,2006,CIN,10464686
AL,varitja01,2008,BOS,10442030
AL,giambja01,2002,NYA,10428571
AL,matthga02,2009,LAA,10400000
NL,pencehu01,2012,PHI,10400000
AL,millwke01,2008,TEX,10368892
AL,davisch02,2014,BAL,10350000
NL,jonesch06,2001,ATL,10333333
NL,edmonji01,2005,SLN,10333333
NL,miltoer01,2007,CIN,10333333
AL,matsuda01,2011,BOS,10333333
AL,matsuda01,2012,BOS,10333333
AL,clemero02,2001,NYA,10300000
NL,bondsba01,2001,SFN,10300000
AL,clemero02,2002,NYA,10300000
NL,leiteal01,2004,NYN,10295600
NL,wrighda03,2010,NYN,10250000
NL,kempma01,2012,LAN,10250000
AL,swishni01,2012,NYA,10250000
AL,pedrodu01,2013,BOS,10250000
NL,garzama01,2013,CHN,10250000
AL,cruzne02,2013,TEX,10250000
NL,paganan01,2014,SFG,10250000
NL,greensh01,2006,ARI,10213898
AL,riosal01,2010,CHA,10200000
NL,wrighda03,2013,NYN,10192071
AL,beckejo02,2008,BOS,10166666
AL,salmoti01,2005,LAA,10150000
NL,marmoca01,2013,CHN,10133333
NL,arroybr01,2009,CIN,10125000
AL,penaca01,2010,TBA,10125000
AL,clemero02,2003,NYA,10100000
AL,drewst01,2014,BOS,10100000
NL,gonzalu01,2005,ARI,10083333
NL,phillbr01,2013,CIN,10083333
NL,lohseky01,2013,MIL,10063922
NL,morrima01,2007,SFN,10037283
NL,morrima01,2008,PIT,10037283
AL,belleal01,1997,CHA,10000000
AL,belleal01,1998,CHA,10000000
AL,jeterde01,2000,NYA,10000000
AL,mondera01,2000,TOR,10000000
AL,gonzaju03,2001,CLE,10000000
AL,mussimi01,2001,NYA,10000000
NL,schilcu01,2002,ARI,10000000
NL,jonesan01,2002,ATL,10000000
NL,schilcu01,2003,ARI,10000000
NL,willima04,2003,ARI,10000000
NL,rodriiv01,2003,FLO,10000000
NL,kentje01,2004,HOU,10000000
AL,colonba01,2005,LAA,10000000
AL,varitja01,2006,BOS,10000000
NL,gagneer01,2006,LAN,10000000
AL,glaustr01,2006,TOR,10000000
NL,soriaal01,2006,WAS,10000000
AL,garlajo01,2007,CHA,10000000
NL,soriaal01,2007,CHN,10000000
AL,pavanca01,2007,NYA,10000000
NL,garcifr02,2007,PHI,10000000
NL,maddugr01,2007,SDN,10000000
NL,zitoba01,2007,SFN,10000000
AL,cabreor01,2008,CHA,10000000
AL,contrjo01,2008,CHA,10000000
AL,westbja01,2008,CLE,10000000
AL,renteed01,2008,DET,10000000
AL,rodrifr03,2008,LAA,10000000
NL,lowede01,2008,LAN,10000000
NL,gagneer01,2008,MIL,10000000
NL,howarry01,2008,PHI,10000000
NL,maddugr01,2008,SDN,10000000
AL,hallaro01,2008,TOR,10000000
NL,jonesch06,2009,ATL,10000000
AL,contrjo01,2009,CHA,10000000
AL,westbja01,2009,CLE,10000000
AL,woodke02,2009,CLE,10000000
AL,guillca01,2009,DET,10000000
AL,willido03,2009,DET,10000000
AL,escobke01,2009,LAA,10000000
AL,lackejo01,2009,LAA,10000000
NL,pierrju01,2009,LAN,10000000
NL,camermi01,2009,MIL,10000000
AL,roberbr01,2010,BAL,10000000
NL,roberna01,2010,FLO,10000000
AL,sheetbe01,2010,OAK,10000000
NL,renteed01,2010,SFN,10000000
AL,crawfca02,2010,TBA,10000000
AL,roberbr01,2011,BAL,10000000
NL,delarjo01,2011,COL,10000000
AL,ordonma01,2011,DET,10000000
AL,canoro01,2011,NYA,10000000
AL,soriara01,2011,NYA,10000000
NL,huffau01,2011,SFN,10000000
AL,roberbr01,2012,BAL,10000000
NL,reyesjo01,2012,MIA,10000000
AL,grandcu01,2012,NYA,10000000
AL,kurodhi01,2012,NYA,10000000
NL,huffau01,2012,SFN,10000000
NL,bellhe01,2013,ARI,10000000
NL,montemi01,2013,ARI,10000000
AL,roberbr01,2013,BAL,10000000
NL,tulowtr01,2013,COL,10000000
NL,ramirar01,2013,MIL,10000000
AL,riverma01,2013,NYA,10000000
AL,berkmla01,2013,TEX,10000000
AL,reyesjo01,2013,TOR,10000000
NL,larocad01,2013,WAS,10000000
NL,montemi01,2014,ARI,10000000
NL,bruceja01,2014,CIN,10000000
NL,cuetojo01,2014,CIN,10000000
AL,cabreas01,2014,CLE,10000000
AL,gordoal01,2014,KCA,10000000
NL,harenda01,2014,LAN,10000000
NL,wilsobr01,2014,LAN,10000000
NL,braunry02,2014,MIL,10000000
AL,johnsji04,2014,OAK,10000000
AL,darviyu01,2014,TEX,10000000
NL,glavito02,2006,NYN,9993640
NL,penaca01,2011,CHN,9959996
NL,uptonju01,2013,ATL,9958333
NL,sheffga01,1999,LAN,9956667
AL,thomafr04,2001,CHA,9927000
AL,thomafr04,2002,CHA,9927000
NL,sheffga01,2000,LAN,9916667
NL,sheffga01,2001,LAN,9916667
NL,sheffga01,2002,ATL,9916667
NL,parkch01,2001,LAN,9900000
AL,salmoti01,2003,ANA,9900000
NL,millwke01,2003,PHI,9900000
AL,glaustr01,2004,ANA,9900000
AL,salmoti01,2004,ANA,9900000
NL,braunry02,2013,MIL,9898611
NL,marquja01,2009,COL,9875000
NL,cookaa01,2011,COL,9875000
NL,benitar01,2007,SFN,9866219
AL,willibe02,1999,NYA,9857143
AL,washbja01,2007,SEA,9850000
AL,washbja01,2008,SEA,9850000
AL,washbja01,2009,SEA,9850000
AL,millwke01,2007,TEX,9836116
NL,miltoer01,2006,CIN,9833333
AL,priceda01,2013,TBA,9831954
AL,clemema01,2006,BOS,9825000
NL,kentje01,2007,LAN,9814117
AL,masteju01,2014,CLE,9762500
NL,leiteal01,2001,NYN,9750000
NL,biggicr01,2003,HOU,9750000
NL,burrepa01,2006,PHI,9750000
NL,johnsra05,1999,ARI,9700000
AL,finlech01,2001,CLE,9666667
NL,gilesbr02,2007,SDN,9666667
NL,gilesbr02,2008,SDN,9666666
AL,salmoti01,2002,ANA,9650000
NL,nevinph01,2005,SDN,9625000
NL,sheetbe01,2006,MIL,9625000
NL,cookaa01,2010,COL,9625000
NL,maddugr01,1998,ATL,9600000
AL,rodriiv01,2002,TEX,9600000
NL,jordabr01,2003,LAN,9600000
NL,hoffmtr01,2003,SDN,9600000
AL,anderga01,2005,LAA,9600000
NL,rowanaa01,2008,SFN,9600000
NL,rowanaa01,2009,SFN,9600000
NL,winnra01,2009,SFN,9600000
NL,edmonji01,2007,SLN,9562540
NL,garcino01,2008,LAN,9516697
NL,hamptmi01,2002,COL,9503543
AL,coneda01,1999,NYA,9500000
NL,glavito02,2001,ATL,9500000
AL,appieke01,2002,ANA,9500000
NL,willima04,2002,ARI,9500000
AL,pettian01,2002,NYA,9500000
NL,aloumo01,2003,CHN,9500000
NL,aloumo01,2004,CHN,9500000
NL,woodke02,2005,CHN,9500000
AL,contrjo01,2006,CHA,9500000
NL,lowede01,2006,LAN,9500000
AL,chaveer01,2006,OAK,9500000
AL,clemema01,2007,BOS,9500000
AL,buehrma01,2007,CHA,9500000
NL,lowede01,2007,LAN,9500000
NL,greensh01,2007,NYN,9500000
AL,chaveer01,2007,OAK,9500000
AL,dyeje01,2008,CHA,9500000
NL,hollima01,2008,COL,9500000
AL,escobke01,2008,LAA,9500000
AL,batismi01,2008,SEA,9500000
AL,batismi01,2009,SEA,9500000
NL,furcara01,2010,LAN,9500000
NL,ethiean01,2011,LAN,9500000
NL,wolfra02,2011,MIL,9500000
NL,hamelco01,2011,PHI,9500000
AL,figgich01,2011,SEA,9500000
NL,garzama01,2012,CHN,9500000
NL,wolfra02,2012,MIL,9500000
NL,victosh01,2012,PHI,9500000
AL,figgich01,2012,SEA,9500000
AL,drewst01,2013,BOS,9500000
AL,floydga01,2013,CHA,9500000
NL,quentca01,2013,SDN,9500000
AL,darviyu01,2013,TEX,9500000
NL,arroybr01,2014,ARI,9500000
NL,rossco01,2014,ARI,9500000
AL,ramiral03,2014,CHA,9500000
NL,quentca01,2014,SDN,9500000
NL,glavito02,2000,ATL,9463237
AL,riverma01,2002,NYA,9450000
NL,greensh01,2000,LAN,9416667
NL,leede02,2006,CHN,9416667
AL,cuddymi01,2010,MIN,9416666
NL,dreifda01,2001,LAN,9400000
NL,dreifda01,2002,LAN,9400000
NL,drewjd01,2005,LAN,9400000
NL,kentje01,2006,LAN,9400000
AL,matthga02,2008,LAA,9400000
AL,napolmi01,2012,TEX,9400000
NL,bondsba01,1999,SFN,9381057
NL,cookaa01,2009,COL,9375000
AL,youklke01,2010,BOS,9375000
NL,reyesjo01,2010,NYN,9375000
NL,mcgwima01,1999,SLN,9358667
NL,weaveje01,2005,LAN,9350000
AL,papeljo01,2010,BOS,9350000
AL,kendrho01,2014,LAA,9350000
NL,mcgwima01,2000,SLN,9333333
NL,edmonji01,2004,SLN,9333333
NL,hartco01,2012,MIL,9333333
NL,griffke02,2000,CIN,9329700
AL,wellsda01,2001,CHA,9250000
NL,leiteal01,2002,NYN,9250000
AL,lugoju01,2008,BOS,9250000
NL,pennybr01,2008,LAN,9250000
AL,lugoju01,2009,BOS,9250000
AL,lugoju01,2010,BAL,9250000
AL,fieldce01,1995,DET,9237500
AL,fieldce01,1996,DET,9237500
AL,fieldce01,1997,NYA,9237500
NL,lohseky01,2010,SLN,9187500
NL,rodrifr03,2009,NYN,9166666
AL,riverma01,2001,NYA,9150000
AL,evereca01,2003,TEX,9150000
NL,nenro01,2004,SFN,9150000
NL,ugglada01,2011,ATL,9146942
NL,wolfra02,2006,PHI,9125000
NL,johnsra05,2007,ARI,9100546
NL,jordabr01,2001,ATL,9100000
NL,abreubo01,2003,PHI,9100000
AL,swishni01,2011,NYA,9100000
AL,kendrho01,2013,LAA,9100000
NL,zimmery01,2011,WAS,9025000
NL,sosasa01,1999,CHN,9000000
NL,mondera01,1999,LAN,9000000
AL,alvarwi01,2000,TBA,9000000
NL,willima04,2001,ARI,9000000
AL,durhara01,2001,CHA,9000000
NL,larkiba01,2001,CIN,9000000
AL,alvarwi01,2001,TBA,9000000
AL,palmera01,2001,TEX,9000000
AL,garcino01,2002,BOS,9000000
NL,larkiba01,2002,CIN,9000000
AL,ordonma01,2003,CHA,9000000
NL,larkiba01,2003,CIN,9000000
NL,neaglde01,2003,COL,9000000
AL,palmera01,2003,TEX,9000000
NL,johnsch04,2004,COL,9000000
NL,neaglde01,2004,COL,9000000
NL,wilsopr01,2004,COL,9000000
AL,beltrca01,2004,KCA,9000000
NL,nomohi01,2004,LAN,9000000
AL,posadjo01,2004,NYA,9000000
AL,vazquja01,2004,NYA,9000000
NL,miltoer01,2004,PHI,9000000
NL,glaustr01,2005,ARI,9000000
NL,smoltjo01,2005,ATL,9000000
NL,maddugr01,2005,CHN,9000000
AL,radkebr01,2005,MIN,9000000
AL,pavanca01,2005,NYA,9000000
NL,wagnebi02,2005,PHI,9000000
NL,kleskry01,2005,SDN,9000000
AL,boonebr01,2005,SEA,9000000
NL,renteed01,2006,ATL,9000000
AL,lopezja01,2006,BAL,9000000
AL,lowelmi01,2006,BOS,9000000
AL,garcifr02,2006,CHA,9000000
NL,maddugr01,2006,CHN,9000000
AL,radkebr01,2006,MIN,9000000
NL,kleskry01,2006,SDN,9000000
NL,renteed01,2007,ATL,9000000
AL,lowelmi01,2007,BOS,9000000
AL,contrjo01,2007,CHA,9000000
NL,ramirar01,2007,CHN,9000000
AL,escobke01,2007,LAA,9000000
AL,padilvi01,2007,TEX,9000000
AL,teixema01,2007,TEX,9000000
NL,kentje01,2008,LAN,9000000
NL,dempsry01,2009,CHN,9000000
NL,gilesbr02,2009,SDN,9000000
NL,hudsoti01,2010,ATL,9000000
AL,beltrad01,2010,BOS,9000000
AL,abreubo01,2010,LAA,9000000
AL,fuentbr01,2010,LAA,9000000
AL,canoro01,2010,NYA,9000000
AL,leecl02,2010,SEA,9000000
NL,linceti01,2010,SFN,9000000
AL,burrepa01,2010,TBA,9000000
NL,hudsoti01,2011,ATL,9000000
AL,abreubo01,2011,LAA,9000000
NL,hudsoti01,2012,ATL,9000000
AL,valvejo01,2012,DET,9000000
AL,abreubo01,2012,LAA,9000000
NL,billich01,2012,LAN,9000000
NL,nolasri01,2012,MIA,9000000
AL,pavanca01,2012,MIN,9000000
AL,cespeyo01,2012,OAK,9000000
NL,wainwad01,2012,SLN,9000000
NL,hudsoti01,2013,ATL,9000000
AL,ellsbja01,2013,BOS,9000000
AL,gordoal01,2013,KCA,9000000
NL,baileho02,2014,CIN,9000000
AL,nathajo01,2014,DET,9000000
NL,colonba01,2014,NYM,9000000
AL,bellhe01,2014,TBA,9000000
AL,encared01,2014,TOR,9000000
AL,rodriiv01,1999,TEX,8950000
NL,ramirar01,2005,CHN,8950000
NL,mcgwima01,1998,SLN,8928354
NL,bondsba01,1998,SFN,8916667
NL,winnra01,2008,SFN,8875000
AL,higgibo02,2004,DET,8850000
AL,higgibo02,2005,DET,8850000
AL,palmera01,1999,TEX,8849931
NL,gilesbr02,2003,PIT,8833333
NL,gilesbr02,2004,SDN,8833333
AL,jonesad01,2013,BAL,8833333
NL,wolfra02,2010,MIL,8800276
AL,sanchan01,2013,DET,8800000
AL,wellsve01,2007,TOR,8787500
AL,griffke02,1999,SEA,8760532
NL,biggicr01,2002,HOU,8750000
AL,radkebr01,2002,MIN,8750000
AL,vaughgr01,2002,TBA,8750000
AL,radkebr01,2003,MIN,8750000
NL,nenro01,2003,SFN,8750000
AL,konerpa01,2005,CHA,8750000
AL,erstada01,2006,LAA,8750000
NL,perezod01,2006,LAN,8750000
AL,santajo01,2006,MIN,8750000
NL,isrinja01,2006,SLN,8750000
AL,sabatcc01,2007,CLE,8750000
NL,isrinja01,2007,SLN,8750000
NL,davisdo02,2009,ARI,8750000
AL,jacksed01,2011,CHA,8750000
AL,hamiljo03,2011,TEX,8750000
AL,aybarer01,2013,LAA,8750000
NL,westbja01,2013,SLN,8750000
NL,jenkige01,2004,MIL,8737500
NL,sexsori01,2004,ARI,8725000
NL,furcara01,2006,LAN,8715508
AL,palmera01,2002,TEX,8712986
AL,youngch04,2013,OAK,8700000
NL,bondsba01,1997,SFN,8666667
AL,seleaa01,2004,ANA,8666667
AL,evereca01,2002,TEX,8666666
NL,rolensc01,2004,SLN,8625000
NL,cordefr01,2008,CIN,8625000
NL,bayja01,2010,NYN,8625000
NL,glavito02,2002,ATL,8623700
AL,palmera01,2000,TEX,8620921
AL,hentgpa01,1999,TOR,8600000
AL,rodriiv01,2000,TEX,8600000
NL,rolensc01,2002,PHI,8600000
NL,myersbr01,2008,PHI,8583333
NL,headlch01,2013,SDN,8575000
NL,kendaja01,2003,PIT,8571429
NL,kendaja01,2004,PIT,8571429
NL,griffke02,2002,CIN,8557223
AL,clemero02,1998,TOR,8550000
AL,hallbi03,2010,BOS,8525000
NL,garcino01,2007,LAN,8516697
AL,gonzaju03,1999,TEX,8500000
NL,willima04,2000,ARI,8500000
NL,galaran01,2000,ATL,8500000
NL,smoltjo01,2000,ATL,8500000
NL,appieke01,2001,NYN,8500000
AL,venturo01,2002,NYA,8500000
AL,palmede01,2003,DET,8500000
NL,hidalri01,2003,HOU,8500000
NL,ashbyan01,2003,LAN,8500000
AL,contrjo01,2004,NYA,8500000
NL,nevinph01,2004,SDN,8500000
AL,ponsosi01,2005,BAL,8500000
AL,contrjo01,2005,CHA,8500000
NL,pettian01,2005,HOU,8500000
AL,chaveer01,2005,OAK,8500000
NL,leeca01,2006,MIL,8500000
NL,caseyse01,2006,PIT,8500000
NL,hudsoti01,2007,ATL,8500000
AL,cabreor01,2007,LAA,8500000
AL,piazzmi01,2007,OAK,8500000
NL,carpech01,2007,SLN,8500000
AL,bondeje01,2008,DET,8500000
AL,vidrojo01,2008,SEA,8500000
NL,hernara02,2009,CIN,8500000
AL,fuentbr01,2009,LAA,8500000
NL,rolliji01,2009,PHI,8500000
NL,webbbr01,2010,ARI,8500000
NL,rolliji01,2010,PHI,8500000
AL,figgich01,2010,SEA,8500000
AL,pierrju01,2011,CHA,8500000
NL,rolliji01,2011,PHI,8500000
AL,butlebi03,2012,KCA,8500000
NL,wilsobr01,2012,SFN,8500000
NL,carpech01,2012,SLN,8500000
NL,westbja01,2012,SLN,8500000
AL,butlebi03,2013,KCA,8500000
AL,vargaja01,2013,LAA,8500000
AL,cespeyo01,2013,OAK,8500000
NL,ludwiry01,2014,CIN,8500000
AL,porceri01,2014,DET,8500000
AL,aybarer01,2014,LAA,8500000
NL,ruizca01,2014,PHI,8500000
NL,martiru01,2014,PIT,8500000
NL,gonzagi01,2014,WAS,8500000
NL,griffke02,2007,CIN,8446647
NL,kileda01,1999,COL,8442981
NL,bondsba01,1996,SFN,8416667
AL,clemero02,1997,TOR,8400000
NL,galaran01,1998,ATL,8400000
AL,morneju01,2008,MIN,8400000
NL,karroer01,2003,CHN,8375000
NL,kawakke01,2009,ATL,8333666
NL,edmonji01,2003,SLN,8333333
NL,gilesbr02,2005,SDN,8333333
AL,bensokr01,2006,BAL,8333333
AL,matsuda01,2008,BOS,8333333
AL,matsuda01,2009,BOS,8333333
AL,matsuda01,2010,BOS,8333333
NL,sosasa01,1998,CHN,8325000
AL,weaveje01,2006,LAA,8325000
AL,weaveje01,2007,SEA,8325000
AL,willibe02,1998,NYA,8300000
NL,nenro01,2002,SFN,8300000
NL,uribeju01,2012,LAN,8295910
NL,griffke02,2008,CIN,8282695
NL,galaran01,1999,ATL,8250000
AL,clemero02,1999,NYA,8250000
AL,vaughgr01,2001,TBA,8250000
AL,colonba01,2003,CHA,8250000
NL,gonzalu01,2004,ARI,8250000
AL,damonjo01,2005,BOS,8250000
NL,garcino01,2005,CHN,8250000
AL,erstada01,2005,LAA,8250000
AL,lugoju01,2007,BOS,8250000
NL,suppaje01,2008,MIL,8250000
AL,silvaca01,2008,SEA,8250000
AL,crawfca02,2009,TBA,8250000
NL,harenda01,2010,ARI,8250000
AL,grandcu01,2011,NYA,8250000
AL,pedrodu01,2012,BOS,8250000
NL,tulowtr01,2012,COL,8250000
NL,paganan01,2013,SFN,8250000
AL,pierzaj01,2014,BOS,8250000
NL,sandopa01,2014,SFG,8250000
AL,thomeji01,1999,CLE,8225000
NL,jonesan01,2001,ATL,8200000
AL,rodriiv01,2001,TEX,8200000
NL,hammoje01,2003,MIL,8200000
NL,guthrje01,2012,COL,8200000
NL,schmija01,2005,SFN,8187500
AL,thomeji01,2000,CLE,8175000
AL,seleaa01,2003,ANA,8166667
NL,bondsba01,1995,SFN,8166666
NL,rolensc01,2011,CIN,8166666
NL,lillyte01,2011,LAN,8166666
NL,arroybr01,2012,CIN,8166666
NL,rolensc01,2012,CIN,8166666
AL,griffke02,1998,SEA,8153667
NL,willima04,1999,ARI,8100000
NL,lankfra01,2001,SLN,8100000
NL,lankfra01,2002,SDN,8100000
NL,gilesbr02,2002,PIT,8063003
NL,bellja01,2001,ARI,8050000
AL,hafnetr01,2008,CLE,8050000
AL,ellsbja01,2012,BOS,8050000
NL,bagweje01,1997,HOU,8040000
NL,matsuka01,2006,NYN,8033333
AL,coneda01,1995,TOR,8000000
NL,piazzmi01,1998,LAN,8000000
NL,stottto01,1999,ARI,8000000
NL,stottto01,2000,ARI,8000000
NL,venturo01,2000,NYN,8000000
NL,stottto01,2001,ARI,8000000
NL,smoltjo01,2001,ATL,8000000
AL,loftoke01,2001,CLE,8000000
NL,venturo01,2001,NYN,8000000
NL,bellja01,2002,ARI,8000000
NL,stottto01,2002,ARI,8000000
AL,thomeji01,2002,CLE,8000000
AL,palmede01,2002,DET,8000000
NL,wagnebi02,2002,HOU,8000000
AL,sweenmi01,2002,KCA,8000000
NL,ashbyan01,2002,LAN,8000000
NL,guerrvl01,2002,MON,8000000
AL,boonebr01,2002,SEA,8000000
AL,alvarwi01,2002,TBA,8000000
NL,wagnebi02,2003,HOU,8000000
AL,reedri01,2003,MIN,8000000
AL,posadjo01,2003,NYA,8000000
NL,alomaro01,2003,NYN,8000000
NL,leiteal01,2003,NYN,8000000
AL,boonebr01,2003,SEA,8000000
AL,sasakka01,2003,SEA,8000000
AL,damonjo01,2004,BOS,8000000
AL,konerpa01,2004,CHA,8000000
NL,woodke02,2004,CHN,8000000
NL,wagnebi02,2004,PHI,8000000
AL,boonebr01,2004,SEA,8000000
NL,williwo02,2004,SLN,8000000
AL,renteed01,2005,BOS,8000000
AL,varitja01,2005,BOS,8000000
AL,garcifr02,2005,CHA,8000000
AL,thomafr04,2005,CHA,8000000
AL,rodriiv01,2005,DET,8000000
AL,youngdm01,2005,DET,8000000
NL,gagneer01,2005,LAN,8000000
NL,leeca01,2005,MIL,8000000
AL,hunteto01,2005,MIN,8000000
AL,matsuhi01,2005,NYA,8000000
AL,moyerja01,2005,SEA,8000000
NL,hernali01,2005,WAS,8000000
AL,buehrma01,2006,CHA,8000000
AL,rogerke01,2006,DET,8000000
AL,youngdm01,2006,DET,8000000
AL,alfoned01,2006,LAA,8000000
AL,pavanca01,2006,NYA,8000000
NL,hernali01,2006,WAS,8000000
NL,smoltjo01,2007,ATL,8000000
AL,rogerke01,2007,DET,8000000
AL,kotsama01,2007,OAK,8000000
NL,rolliji01,2007,PHI,8000000
NL,glavito02,2008,ATL,8000000
AL,huffau01,2008,BAL,8000000
AL,schilcu01,2008,BOS,8000000
NL,lillyte01,2008,CHN,8000000
AL,rogerke01,2008,DET,8000000
NL,pierrju01,2008,LAN,8000000
NL,rolliji01,2008,PHI,8000000
NL,edmonji01,2008,SDN,8000000
NL,isrinja01,2008,SLN,8000000
AL,huffau01,2009,BAL,8000000
AL,morame01,2009,BAL,8000000
AL,roberbr01,2009,BAL,8000000
NL,valvejo01,2009,HOU,8000000
NL,johnsra05,2009,SFN,8000000
NL,renteed01,2009,SFN,8000000
AL,penaca01,2009,TBA,8000000
NL,dunnad01,2009,WAS,8000000
NL,guzmacr01,2009,WAS,8000000
NL,kearnau01,2009,WAS,8000000
AL,damonjo01,2010,DET,8000000
AL,kazmisc01,2010,LAA,8000000
AL,pineijo01,2010,LAA,8000000
NL,moyerja01,2010,PHI,8000000
NL,guzmacr01,2010,WAS,8000000
NL,myersbr01,2011,HOU,8000000
AL,pineijo01,2011,LAA,8000000
AL,santaer01,2011,LAA,8000000
AL,pavanca01,2011,MIN,8000000
NL,berkmla01,2011,SLN,8000000
NL,westbja01,2011,SLN,8000000
AL,bautijo02,2011,TOR,8000000
NL,sanchan01,2012,MIA,8000000
NL,rodrifr03,2012,MIL,8000000
AL,shielja02,2012,TBA,8000000
NL,larocad01,2012,WAS,8000000
NL,gallayo01,2013,MIL,8000000
NL,poseybu01,2013,SFN,8000000
AL,nathajo01,2013,TEX,8000000
AL,cabreme01,2013,TOR,8000000
AL,encared01,2013,TOR,8000000
AL,morrobr01,2013,TOR,8000000
AL,cruzne02,2014,BAL,8000000
NL,anderbr04,2014,COL,8000000
AL,butlebi03,2014,KCA,8000000
AL,guthrje01,2014,KCA,8000000
AL,hugheph01,2014,MIN,8000000
NL,byrdma01,2014,PHI,8000000
AL,cabreme01,2014,TOR,8000000
AL,morrobr01,2014,TOR,8000000
NL,eatonad01,2008,PHI,7958333
AL,overbly01,2009,TOR,7950000
AL,overbly01,2010,TOR,7950000
NL,bagweje01,1998,HOU,7945000
NL,alomaro01,2002,NYN,7939664
NL,schmija01,2004,SFN,7937500
NL,gonzaca01,2013,COL,7928571
AL,finlech01,2000,CLE,7911948
AL,finlech01,2002,CLE,7911948
AL,zitoba01,2006,OAK,7900000
AL,griffke02,1997,SEA,7885532
AL,thomeji01,2001,CLE,7875000
NL,ortizru01,2006,ARI,7875000
AL,millwke01,2006,TEX,7868893
NL,perezca01,2001,LAN,7833333
AL,percitr01,2003,ANA,7833333
AL,percitr01,2004,ANA,7833333
NL,greensh01,2005,ARI,7833333
NL,jenkige01,2006,MIL,7833333
NL,liebejo01,2007,PHI,7833333
AL,reynoma01,2012,BAL,7833333
AL,morame01,2008,BAL,7826914
AL,gonzaju03,1998,TEX,7800000
AL,justida01,2001,NYA,7800000
NL,caseyse01,2005,CIN,7800000
AL,bayja01,2009,BOS,7800000
NL,ugglada01,2010,FLO,7800000
NL,utleych01,2008,PHI,7785714
AL,morame01,2007,BAL,7758503
NL,smoltjo01,1998,ATL,7750000
NL,smoltjo01,1999,ATL,7750000
NL,leiteal01,2000,NYN,7750000
NL,lopezja01,2001,ATL,7750000
AL,alomaro01,2001,CLE,7750000
NL,biggicr01,2001,HOU,7750000
AL,radkebr01,2001,MIN,7750000
NL,nomohi01,2003,LAN,7750000
AL,erstada01,2004,ANA,7750000
AL,youngdm01,2004,DET,7750000
NL,isrinja01,2004,SLN,7750000
NL,lawtoma02,2005,PIT,7750000
AL,foulkke01,2006,BOS,7750000
NL,muldema01,2006,SLN,7750000
AL,perezod01,2007,KCA,7750000
NL,pennybr01,2007,LAN,7750000
NL,davisdo02,2008,ARI,7750000
NL,wrighda03,2009,NYN,7750000
AL,bedarer01,2009,SEA,7750000
AL,camermi01,2010,BOS,7750000
AL,camermi01,2011,BOS,7750000
NL,johnsjo09,2011,FLO,7750000
NL,drewst01,2012,ARI,7750000
NL,kershcl01,2012,LAN,7750000
NL,garcija02,2014,SLN,7750000
NL,marcush01,2012,MIL,7725000
AL,olerujo01,2003,SEA,7700000
AL,olerujo01,2004,SEA,7700000
AL,martivi01,2010,BOS,7700000
NL,cahiltr01,2014,ARI,7700000
AL,wietema01,2014,BAL,7700000
AL,buchhcl01,2014,BOS,7700000
NL,kendrky01,2014,PHI,7675000
NL,smoltjo01,2002,ATL,7666667
NL,reynosh01,2002,HOU,7666667
NL,leede02,2005,CHN,7666667
AL,wrighja02,2006,NYA,7666667
NL,gilesbr02,2006,SDN,7666666
AL,cuddymi01,2009,MIN,7666666
AL,johjike01,2009,SEA,7666666
NL,rolensc01,2010,CIN,7666666
NL,arroybr01,2011,CIN,7666666
AL,sizemgr01,2011,CLE,7666666
AL,griffke02,1996,SEA,7650000
NL,rolensc01,2003,SLN,7625000
AL,lestejo01,2012,BOS,7625000
AL,guerrvl01,2011,BAL,7611455
AL,griffke02,1995,SEA,7600000
NL,jordabr01,2000,ATL,7600000
NL,lankfra01,2000,SLN,7600000
NL,liebejo01,2006,PHI,7583333
AL,martipe02,1998,BOS,7575000
AL,loftoke01,1998,CLE,7550000
AL,loftoke01,1999,CLE,7550000
NL,bruceja01,2013,CIN,7541667
AL,cartejo01,1995,TOR,7500000
AL,gonzaju03,1997,TEX,7500000
AL,loftoke01,2000,CLE,7500000
AL,gonzaju03,2000,DET,7500000
AL,seleaa01,2000,SEA,7500000
AL,rogerke01,2000,TEX,7500000
AL,palmede01,2001,DET,7500000
NL,karroer01,2001,LAN,7500000
AL,rogerke01,2001,TEX,7500000
NL,hammoje01,2002,MIL,7500000
AL,rogerke01,2002,TEX,7500000
AL,damonjo01,2003,BOS,7500000
NL,kentje01,2003,HOU,7500000
NL,martiti02,2003,SLN,7500000
NL,liebemi01,2004,PHI,7500000
AL,martiti02,2004,TBA,7500000
AL,lopezja01,2005,BAL,7500000
AL,foulkke01,2005,BOS,7500000
AL,nixontr01,2005,BOS,7500000
NL,lowelmi01,2005,FLO,7500000
NL,liebemi01,2005,PHI,7500000
NL,alfoned01,2005,SFN,7500000
AL,soriaal01,2005,TEX,7500000
AL,nixontr01,2006,BOS,7500000
NL,dunnad01,2006,CIN,7500000
AL,cabreor01,2006,LAA,7500000
NL,liebemi01,2006,PHI,7500000
AL,dyeje01,2007,CHA,7500000
NL,pierrju01,2007,LAN,7500000
NL,aloumo01,2007,NYN,7500000
NL,glavito02,2007,NYN,7500000
AL,loaizes01,2007,OAK,7500000
AL,vidrojo01,2007,SEA,7500000
AL,hernara02,2008,BAL,7500000
AL,byrdpa01,2008,CLE,7500000
NL,loaizes01,2008,LAN,7500000
NL,aloumo01,2008,NYN,7500000
NL,hoffmtr01,2008,SDN,7500000
NL,durhara01,2008,SFN,7500000
NL,harenda01,2009,ARI,7500000
NL,furcara01,2009,LAN,7500000
NL,pineijo01,2009,SLN,7500000
AL,jenksbo01,2010,CHA,7500000
NL,hawpebr01,2010,COL,7500000
NL,hoffmtr01,2010,MIL,7500000
NL,werthja01,2010,PHI,7500000
NL,pennybr01,2010,SLN,7500000
NL,marquja01,2010,WAS,7500000
NL,rodriwa01,2011,HOU,7500000
NL,victosh01,2011,PHI,7500000
NL,bellhe01,2011,SDN,7500000
NL,marquja01,2011,WAS,7500000
NL,kubelja01,2012,ARI,7500000
AL,martiru01,2012,NYA,7500000
NL,streehu01,2012,SDN,7500000
NL,kubelja01,2013,ARI,7500000
NL,martiru01,2013,PIT,7500000
AL,pierzaj01,2013,TEX,7500000
AL,romerri01,2013,TOR,7500000
NL,leagubr01,2014,LAN,7500000
AL,crispco01,2014,OAK,7500000
NL,motteja01,2014,SLN,7500000
AL,longoev01,2014,TBA,7500000
NL,zimmejo02,2014,WAS,7500000
NL,wolfra02,2007,LAN,7477969
AL,washbja01,2006,SEA,7450000
NL,lohseky01,2009,SLN,7437500
NL,kurodhi01,2008,LAN,7433333
AL,gonzaju03,1996,TEX,7425000
NL,kileda01,2000,SLN,7417981
AL,camermi01,2003,SEA,7416667
AL,hardyjj01,2013,BAL,7416667
AL,hardyjj01,2012,BAL,7416666
NL,vottojo01,2011,CIN,7410655
AL,moralke01,2014,MIN,7410000
AL,greerru01,2004,TEX,7400000
NL,cabremi01,2007,FLO,7400000
AL,mechegi01,2007,KCA,7400000
NL,wilsoja02,2009,PIT,7400000
NL,cuetojo01,2013,CIN,7400000
NL,ortizru01,2005,ARI,7375000
NL,choosh01,2013,CIN,7375000
AL,weaveje02,2011,LAA,7365000
NL,kentje01,2005,LAN,7350000
AL,fowlede01,2014,HOU,7350000
NL,kawakke01,2010,ATL,7333666
AL,evereca01,2001,BOS,7333333
NL,gilesbr02,2001,PIT,7333333
NL,liebemi01,2002,PHI,7333333
NL,edmonji01,2002,SLN,7333333
NL,jenkige01,2005,MIL,7333333
NL,camermi01,2005,NYN,7333333
NL,camermi01,2006,SDN,7333333
NL,jenkige01,2007,MIL,7333333
NL,dempsry01,2008,CHN,7333333
AL,lackejo01,2008,LAA,7333333
NL,cainma01,2011,SFN,7333333
NL,marmoca01,2012,CHN,7333333
AL,gutiefr01,2013,SEA,7312500
NL,williwo02,2002,SLN,7300000
NL,streehu01,2011,COL,7300000
AL,perezch01,2013,CLE,7300000
NL,uribeju01,2013,LAN,7295911
NL,bicheda01,1999,COL,7250000
AL,riverma01,2000,NYA,7250000
AL,garcino01,2001,BOS,7250000
AL,oneilpa01,2001,NYA,7250000
AL,castivi02,2001,TBA,7250000
AL,hamiljo02,2001,TOR,7250000
AL,damonjo01,2002,BOS,7250000
NL,mcgrifr01,2002,CHN,7250000
AL,limajo01,2002,DET,7250000
AL,erstada01,2003,ANA,7250000
AL,glaustr01,2003,ANA,7250000
NL,liebemi01,2003,PHI,7250000
NL,isrinja01,2003,SLN,7250000
AL,lawtoma02,2004,CLE,7250000
NL,renteed01,2004,SLN,7250000
AL,maysjo01,2005,MIN,7250000
NL,burrepa01,2005,PHI,7250000
NL,aloumo01,2005,SFN,7250000
AL,greinza01,2010,KCA,7250000
AL,soriara01,2010,TBA,7250000
AL,leede02,2011,BAL,7250000
AL,penaca01,2012,TBA,7250000
NL,latosma01,2014,CIN,7250000
NL,youngch04,2014,NYN,7250000
NL,mccutan01,2014,PIT,7250000
NL,eatonad01,2007,PHI,7208333
AL,puckeki01,1997,MIN,7200000
AL,anderbr01,2001,BAL,7200000
NL,neaglde01,2001,COL,7200000
NL,durhara01,2004,SFN,7200000
AL,ordonma01,2005,DET,7200000
NL,durhara01,2005,SFN,7200000
NL,streehu01,2010,COL,7200000
AL,hernafe02,2010,SEA,7200000
NL,youngch04,2012,ARI,7200000
AL,kinslia01,2012,TEX,7200000
NL,fistedo01,2014,WAS,7200000
AL,alomaro01,2000,CLE,7196656
NL,piazzmi01,1999,NYN,7171428
NL,reynosh01,2001,HOU,7166667
AL,seleaa01,2002,ANA,7166667
NL,burnije01,2002,NYN,7166667
AL,dyeje01,2002,OAK,7166667
NL,kileda01,2002,SLN,7166667
AL,burksel01,2003,CLE,7166667
AL,vaughmo01,1999,ANA,7166666
AL,baezda01,2009,BAL,7166666
NL,ibanera01,2009,PHI,7166666
NL,gonzalu01,2007,LAN,7156599
AL,thomafr04,1995,CHA,7150000
AL,thomafr04,1996,CHA,7150000
AL,thomafr04,1997,CHA,7150000
AL,willima04,1997,CLE,7150000
AL,mcgwima01,1997,OAK,7150000
AL,cappsma01,2011,MIN,7150000
AL,hugheph01,2013,NYA,7150000
AL,bensokr01,2007,BAL,7144556
NL,rueteki01,2005,SFN,7133333
AL,anderbr01,2000,BAL,7127199
NL,braunry02,2012,MIL,7111111
AL,thomafr04,2000,CHA,7100000
AL,damonjo01,2001,OAK,7100000
AL,markani01,2010,BAL,7100000
NL,kempma01,2011,LAN,7100000
AL,vaughgr01,2000,TBA,7097962
AL,martied01,2002,SEA,7086668
NL,mantema01,2003,ARI,7083333
AL,mcgwima01,1996,OAK,7050000
NL,atkinga01,2009,COL,7050000
NL,larocad01,2009,PIT,7050000
AL,alomaro01,1999,CLE,7049966
AL,hanrajo01,2013,BOS,7040000
NL,matsuka01,2005,NYN,7033333
AL,ericksc01,2003,BAL,7030000
NL,quentca01,2012,SDN,7025000
NL,smoltjo01,1997,ATL,7000000
NL,fernaal01,1997,FLO,7000000
NL,piazzmi01,1997,LAN,7000000
NL,glavito02,1998,ATL,7000000
AL,thomafr04,1998,CHA,7000000
NL,fernaal01,1998,FLO,7000000
NL,glavito02,1999,ATL,7000000
AL,thomafr04,1999,CHA,7000000
AL,justida01,1999,CLE,7000000
NL,fernaal01,1999,FLO,7000000
NL,venturo01,1999,NYN,7000000
NL,bellja01,2000,ARI,7000000
NL,bicheda01,2000,CIN,7000000
AL,justida01,2000,CLE,7000000
AL,palmede01,2000,DET,7000000
NL,fernaal01,2000,FLO,7000000
AL,pettian01,2000,NYA,7000000
AL,seguida01,2001,BAL,7000000
AL,bicheda01,2001,BOS,7000000
NL,fernaal01,2001,FLO,7000000
AL,pettian01,2001,NYA,7000000
AL,seleaa01,2001,SEA,7000000
AL,oliveda02,2001,TEX,7000000
AL,oliveda02,2002,BOS,7000000
NL,neaglde01,2002,COL,7000000
AL,reedri01,2002,MIN,7000000
AL,posadjo01,2002,NYA,7000000
AL,justida01,2002,OAK,7000000
NL,lopezja01,2003,ATL,7000000
AL,seguida01,2003,BAL,7000000
NL,johnsch04,2003,COL,7000000
NL,astacpe01,2003,NYN,7000000
AL,greerru01,2003,TEX,7000000
NL,finlest01,2004,ARI,7000000
NL,mantema01,2004,ARI,7000000
NL,byrdpa01,2004,ATL,7000000
AL,seguida01,2004,BAL,7000000
AL,rodriiv01,2004,DET,7000000
NL,hundlto01,2004,LAN,7000000
NL,vidrojo01,2004,MON,7000000
AL,matsuhi01,2004,NYA,7000000
AL,moyerja01,2004,SEA,7000000
NL,pujolal01,2004,SLN,7000000
AL,millwke01,2005,CLE,7000000
NL,leiteal01,2005,FLO,7000000
NL,lowede01,2005,LAN,7000000
NL,isrinja01,2005,SLN,7000000
NL,vidrojo01,2005,WAS,7000000
AL,garlajo01,2006,CHA,7000000
AL,byrdpa01,2006,CLE,7000000
AL,sabatcc01,2006,CLE,7000000
AL,kotsama01,2006,OAK,7000000
NL,durhara01,2006,SFN,7000000
NL,finlest01,2006,SFN,7000000
NL,vidrojo01,2006,WAS,7000000
NL,hernali01,2007,ARI,7000000
AL,wrighja02,2007,BAL,7000000
AL,byrdpa01,2007,CLE,7000000
AL,rodrifr03,2007,LAA,7000000
NL,gordoto01,2007,PHI,7000000
NL,camermi01,2007,SDN,7000000
NL,hoffmtr01,2007,SDN,7000000
NL,durhara01,2007,SFN,7000000
AL,ryanbj01,2007,TOR,7000000
NL,kotsama01,2008,ATL,7000000
NL,fukudko01,2008,CHN,7000000
AL,jonesto02,2008,DET,7000000
AL,willido03,2008,DET,7000000
NL,hernaor01,2008,NYN,7000000
AL,bedarer01,2008,SEA,7000000
NL,muldema01,2008,SLN,7000000
NL,bradlmi01,2009,CHN,7000000
NL,harderi01,2009,CHN,7000000
AL,roberna01,2009,DET,7000000
NL,fieldpr01,2009,MIL,7000000
AL,burrepa01,2009,TBA,7000000
AL,pierrju01,2010,CHA,7000000
NL,ramirha01,2010,FLO,7000000
AL,pavanca01,2010,MIN,7000000
NL,mclouna01,2011,ATL,7000000
AL,valvejo01,2011,DET,7000000
NL,vazquja01,2011,FLO,7000000
NL,broxtjo01,2011,LAN,7000000
AL,wilsocj01,2011,TEX,7000000
NL,larocad01,2011,WAS,7000000
AL,floydga01,2012,CHA,7000000
AL,hernaro01,2012,CLE,7000000
NL,bellhe01,2012,MIA,7000000
NL,buehrma01,2012,MIA,7000000
AL,willijo03,2012,MIN,7000000
NL,molinya01,2012,SLN,7000000
AL,uptonbj01,2012,TBA,7000000
AL,nathajo01,2012,TEX,7000000
NL,pradoma01,2013,ARI,7000000
AL,ramiral03,2013,CHA,7000000
AL,bournmi01,2013,CLE,7000000
AL,myersbr01,2013,CLE,7000000
AL,willijo03,2013,MIN,7000000
AL,crispco01,2013,OAK,7000000
NL,streehu01,2013,SDN,7000000
AL,morsemi01,2013,SEA,7000000
NL,putzjj01,2014,ARI,7000000
NL,kimbrcr01,2014,ATL,7000000
AL,hardyjj01,2014,BAL,7000000
AL,abreujo02,2014,CHA,7000000
NL,broxtjo01,2014,CIN,7000000
NL,gomezca01,2014,MIL,7000000
AL,willijo03,2014,MIN,7000000
AL,kazmisc01,2014,OAK,7000000
NL,adamsmi03,2014,PHI,7000000
NL,streehu01,2014,SDN,7000000
AL,rodnefe01,2014,SEA,7000000
AL,zobribe01,2014,TBA,7000000
AL,lindad01,2014,TOR,7000000
AL,rasmuco01,2014,TOR,7000000
NL,cirilje01,2004,SDN,6975000
NL,uptonju01,2012,ARI,6958333
AL,olerujo01,2002,SEA,6950000
NL,benitar01,2003,NYN,6937500
NL,phillbr01,2010,CIN,6937500
AL,mcgwima01,1995,OAK,6925000
NL,hallbi03,2009,MIL,6925000
NL,myersra01,2000,SDN,6916667
AL,huffau01,2006,TBA,6916667
AL,varitja01,2004,BOS,6900000
NL,pencehu01,2011,HOU,6900000
AL,valvejo01,2010,DET,6886052
AL,parkch01,2002,TEX,6884803
NL,bagweje01,1995,HOU,6875000
NL,karroer01,2002,LAN,6875000
AL,garcifr02,2003,SEA,6875000
AL,garcifr02,2004,SEA,6875000
AL,ripkeca01,1997,BAL,6850000
NL,astacpe01,2001,COL,6850000
NL,snowjt01,2003,SFN,6850000
AL,verlaju01,2010,DET,6850000
AL,swishni01,2010,NYA,6850000
NL,bournmi01,2012,ATL,6845000
NL,zeileto01,2001,NYN,6833333
NL,zeileto01,2002,COL,6833333
NL,hartco01,2011,MIL,6833333
AL,mussimi01,1997,BAL,6825000
AL,rodriiv01,1997,TEX,6825000
AL,greerru01,2002,TEX,6800000
NL,caseyse01,2004,CIN,6800000
AL,pineijo01,2006,SEA,6800000
AL,mussimi01,2000,BAL,6786032
NL,trachst01,2005,NYN,6782500
NL,maddugr01,1997,ATL,6775000
NL,ludwiry01,2011,SDN,6775000
AL,seguida01,2002,BAL,6762895
AL,mussimi01,1998,BAL,6755492
NL,biggicr01,2000,HOU,6750000
AL,offerjo01,2001,BOS,6750000
NL,reedri01,2001,NYN,6750000
NL,hoffmtr01,2001,SDN,6750000
AL,offerjo01,2002,BOS,6750000
AL,lawtoma02,2003,CLE,6750000
AL,youngdm01,2003,DET,6750000
AL,escobke01,2006,LAA,6750000
NL,haranaa01,2008,CIN,6750000
AL,overbly01,2008,TOR,6750000
NL,wagnebi02,2010,ATL,6750000
AL,pierzaj01,2010,CHA,6750000
AL,youngde03,2012,DET,6750000
AL,francje02,2012,KCA,6750000
AL,hammeja01,2013,BAL,6750000
AL,francje02,2013,KCA,6750000
AL,cirilje01,2003,SEA,6725000
AL,scherma01,2013,DET,6725000
AL,ripkeca01,1995,BAL,6700000
NL,sierrru01,1997,CIN,6700000
AL,rodriiv01,1998,TEX,6700000
AL,olerujo01,2001,SEA,6700000
AL,urbinug01,2002,BOS,6700000
NL,mccanbr01,2011,ATL,6700000
NL,wainwad01,2011,SLN,6687500
NL,maddugr01,1996,ATL,6675000
AL,coneda01,1997,NYA,6666667
AL,coneda01,1998,NYA,6666667
NL,reynosh01,2000,HOU,6666667
NL,benesan01,2001,SLN,6666667
NL,kileda01,2001,SLN,6666667
AL,burksel01,2002,CLE,6666667
AL,beckejo02,2007,BOS,6666667
NL,scutama01,2013,SFN,6666667
NL,scutama01,2014,SFG,6666667
NL,myersra01,1999,SDN,6666666
NL,byrneer01,2008,ARI,6666666
AL,ripkeca01,1996,BAL,6650000
AL,vaughmo01,1998,BOS,6650000
NL,wilsoja02,2008,PIT,6650000
NL,hamelco01,2010,PHI,6650000
NL,youngke01,2003,PIT,6625000
NL,wolfra02,2005,PHI,6625000
AL,mussimi01,1999,BAL,6623143
AL,ericksc01,2000,BAL,6620921
NL,floydcl01,2005,NYN,6616856
NL,floydcl01,2006,NYN,6616856
NL,willima04,1996,SFN,6600000
NL,lankfra01,1999,SLN,6600000
NL,hoffmtr01,2000,SDN,6600000
AL,delgaca01,2000,TOR,6600000
NL,nenro01,2001,SFN,6600000
NL,jordabr01,2002,LAN,6600000
NL,hoffmtr01,2002,SDN,6600000
AL,ingebr01,2010,DET,6600000
NL,loducpa01,2006,NYN,6599206
NL,kimby01,2005,COL,6575000
NL,kendaja01,2002,PIT,6571429
AL,nadyxa01,2009,NYA,6550000
AL,cartejo01,1996,TOR,6525000
AL,palmera01,1998,BAL,6515828
NL,maddugr01,1995,ATL,6500000
AL,olerujo01,1996,TOR,6500000
NL,olerujo01,1997,NYN,6500000
AL,cartejo01,1997,TOR,6500000
AL,justida01,1998,CLE,6500000
AL,ripkeca01,1999,BAL,6500000
NL,bagweje01,1999,HOU,6500000
NL,bagweje01,2000,HOU,6500000
AL,oneilpa01,2000,NYA,6500000
AL,wettejo01,2000,TEX,6500000
AL,salmoti01,2001,ANA,6500000
NL,schilcu01,2001,ARI,6500000
NL,tapanke01,2001,CHN,6500000
NL,bagweje01,2001,HOU,6500000
NL,hammoje01,2001,MIL,6500000
AL,moyerja01,2001,SEA,6500000
AL,mcgrifr01,2001,TBA,6500000
AL,ordonma01,2002,CHA,6500000
NL,hundlto01,2002,CHN,6500000
NL,floydcl01,2002,FLO,6500000
AL,moyerja01,2002,SEA,6500000
NL,wilsopr01,2003,COL,6500000
NL,hundlto01,2003,LAN,6500000
NL,tatisfe01,2003,MON,6500000
NL,floydcl01,2003,NYN,6500000
AL,moyerja01,2003,SEA,6500000
NL,renteed01,2003,SLN,6500000
AL,ordonre01,2003,TBA,6500000
AL,leeca01,2004,CHA,6500000
NL,lowelmi01,2004,FLO,6500000
NL,berkmla01,2004,HOU,6500000
AL,hunteto01,2004,MIN,6500000
NL,floydcl01,2004,NYN,6500000
AL,suzukic01,2004,SEA,6500000
NL,alfoned01,2004,SFN,6500000
NL,hudsoti01,2005,ATL,6500000
AL,clemema01,2005,BOS,6500000
AL,washbja01,2005,LAA,6500000
AL,kotsama01,2005,OAK,6500000
NL,hudsoti01,2006,ATL,6500000
AL,ortizda01,2006,BOS,6500000
NL,zambrca01,2006,CHN,6500000
AL,stewash01,2006,MIN,6500000
NL,wickmbo01,2007,ATL,6500000
AL,hernara02,2007,BAL,6500000
NL,moyerja01,2007,PHI,6500000
NL,perezol01,2008,NYN,6500000
NL,peavyja01,2008,SDN,6500000
NL,roberda07,2008,SFN,6500000
NL,encarju01,2008,SLN,6500000
NL,webbbr01,2009,ARI,6500000
NL,moyerja01,2009,PHI,6500000
NL,molinbe01,2009,SFN,6500000
NL,greenkh01,2009,SLN,6500000
NL,wilsobr01,2010,SFN,6500000
AL,harderi01,2010,TEX,6500000
NL,tejadmi01,2011,SFN,6500000
NL,wilsobr01,2011,SFN,6500000
NL,byrdma01,2012,CHN,6500000
NL,buckjo01,2012,MIA,6500000
AL,bakersc02,2012,MIN,6500000
NL,furcara01,2012,SLN,6500000
AL,feldmsc01,2012,TEX,6500000
NL,putzjj01,2013,ARI,6500000
NL,maholpa01,2013,ATL,6500000
AL,johnsji04,2013,BAL,6500000
AL,cabreas01,2013,CLE,6500000
AL,blantjo01,2013,LAA,6500000
AL,suzukic01,2013,NYA,6500000
NL,buckjo01,2013,NYN,6500000
NL,francfr01,2013,NYN,6500000
AL,iwakuhi01,2013,SEA,6500000
NL,uribeju01,2014,LAN,6500000
NL,stantmi03,2014,MIA,6500000
AL,suzukic01,2014,NYA,6500000
AL,iwakuhi01,2014,SEA,6500000
NL,desmoia01,2014,WAS,6500000
NL,spande01,2014,WAS,6500000
NL,suzukku01,2013,WAS,6487500
AL,andruel01,2014,TEX,6475000
NL,benesan01,1998,ARI,6450000
NL,willido03,2007,FLO,6450000
NL,polanpl01,2012,PHI,6416666
AL,frymatr01,1997,DET,6400000
AL,ripkeca01,1998,BAL,6400000
AL,batisto01,2003,BAL,6400000
AL,teixema01,2006,TEX,6400000
AL,matthga02,2007,LAA,6400000
AL,riosal01,2009,TOR,6400000
AL,scottlu01,2011,BAL,6400000
NL,shawje01,2001,LAN,6383333
AL,johjike01,2008,SEA,6383333
AL,cirilje01,2002,SEA,6375000
AL,kochbi01,2004,CHA,6375000
NL,marquja01,2008,CHN,6375000
NL,youngch03,2010,SDN,6375000
NL,loneyja01,2012,LAN,6375000
AL,johnske05,2012,TOR,6375000
NL,capuach01,2013,LAN,6375000
NL,benesan01,2002,SLN,6367542
AL,alomaro01,1997,BAL,6354379
AL,vaughmo01,1997,BOS,6350000
AL,valenjo02,1999,BOS,6350000
AL,wettejo01,1999,TEX,6350000
AL,valenjo02,2000,BOS,6350000
NL,astacpe01,2000,COL,6350000
AL,clemero02,2000,NYA,6350000
AL,olerujo01,2000,SEA,6350000
AL,valenjo02,2001,BOS,6350000
NL,lidgebr01,2008,PHI,6350000
NL,soriara01,2009,ATL,6350000
NL,zimmery01,2010,WAS,6350000
NL,gonzagi01,2013,WAS,6350000
AL,alomaro01,1998,BAL,6343771
NL,liebemi01,2001,PHI,6333333
NL,edmonji01,2001,SLN,6333333
NL,abreubo01,2002,PHI,6333333
AL,matsuda01,2007,BOS,6333333
AL,jonesja04,2008,DET,6333333
NL,walkela01,1997,COL,6325000
AL,johnsra05,1997,SEA,6325000
AL,martira02,2000,BOS,6320000
NL,bonilbo01,1994,NYN,6300000
AL,puckeki01,1995,MIN,6300000
AL,justida01,1997,CLE,6300000
AL,ripkeca01,2000,BAL,6300000
NL,gwynnto01,2000,SDN,6300000
AL,ripkeca01,2001,BAL,6300000
AL,martiti02,2001,NYA,6300000
AL,durhara01,2002,CHA,6300000
AL,roberbr01,2008,BAL,6300000
AL,ingebr01,2009,DET,6300000
AL,gonzaad01,2011,BOS,6300000
NL,rossco01,2011,SFN,6300000
AL,carmofa01,2011,CLE,6287500
NL,biggicr01,1997,HOU,6280000
NL,billich01,2011,LAN,6275000
NL,benitar01,2006,SFN,6271206
AL,oneilpa01,1999,NYA,6250000
NL,lopezja01,2000,ATL,6250000
NL,lansimi01,2000,COL,6250000
AL,castivi02,2000,TBA,6250000
AL,lansimi01,2001,BOS,6250000
NL,limajo01,2001,HOU,6250000
AL,erstada01,2002,ANA,6250000
AL,easleda01,2002,DET,6250000
NL,ordonre01,2002,NYN,6250000
NL,persoro01,2002,PHI,6250000
AL,konerpa01,2003,CHA,6250000
NL,aurilri01,2003,SFN,6250000
NL,weaveje01,2004,LAN,6250000
NL,graveda01,2005,CIN,6250000
AL,escobke01,2005,LAA,6250000
NL,koskico01,2006,MIL,6250000
AL,guarded01,2006,SEA,6250000
NL,suppaje01,2007,MIL,6250000
NL,loducpa01,2007,NYN,6250000
NL,hudsoor01,2008,ARI,6250000
NL,camermi01,2008,MIL,6250000
AL,mauerjo01,2008,MIN,6250000
NL,castilu01,2008,NYN,6250000
NL,molinbe01,2008,SFN,6250000
NL,garlajo01,2009,ARI,6250000
AL,papeljo01,2009,BOS,6250000
AL,youklke01,2009,BOS,6250000
AL,pierzaj01,2009,CHA,6250000
NL,castilu01,2009,NYN,6250000
NL,sanchfr01,2009,PIT,6250000
NL,blakeca01,2010,LAN,6250000
NL,castilu01,2010,NYN,6250000
NL,maholpa01,2011,PIT,6250000
NL,snydech02,2011,PIT,6250000
AL,cruzne02,2012,TEX,6250000
NL,bonilbo01,1993,NYN,6200000
AL,sierrru01,1995,OAK,6200000
NL,dykstle01,1995,PHI,6200000
NL,justida01,1996,ATL,6200000
AL,puckeki01,1996,MIN,6200000
AL,sierrru01,1996,NYA,6200000
NL,dykstle01,1996,PHI,6200000
NL,mlickda01,2002,HOU,6200000
NL,alfoned01,2002,NYN,6200000
NL,estessh01,2002,NYN,6200000
AL,stewash01,2003,TOR,6200000
AL,anderga01,2004,ANA,6200000
NL,ortizru01,2004,ATL,6200000
AL,ingebr01,2008,DET,6200000
NL,cordech01,2008,WAS,6200000
AL,blaloha01,2009,TEX,6200000
AL,kinslia01,2011,TEX,6200000
NL,woodke02,2003,CHN,6190000
AL,hernaro01,1999,TBA,6180000
NL,heltoto01,2013,COL,6175000
AL,youngmi02,2008,TEX,6174974
NL,leede02,2004,CHN,6166667
AL,baezda01,2008,BAL,6166666
NL,rijojo01,1996,CIN,6150000
NL,rijojo01,1997,CIN,6150000
AL,knoblch01,1997,MIN,6150000
NL,astacpe01,1999,COL,6150000
NL,bensokr01,2004,PIT,6150000
AL,jonesad01,2012,BAL,6150000
NL,biggicr01,1998,HOU,6145000
NL,sheffga01,1996,FLO,6135000
NL,rueteki01,2004,SFN,6133333
NL,hundlto01,2000,LAN,6125000
NL,youngke01,2001,PIT,6125000
NL,reyesjo01,2009,NYN,6125000
NL,bonilbo01,1992,NYN,6100000
NL,sheffga01,1997,FLO,6100000
AL,venturo01,1998,CHA,6100000
NL,bellja01,1999,ARI,6100000
NL,hitchst01,2000,SDN,6100000
AL,westbja01,2007,CLE,6100000
AL,blakeca01,2008,CLE,6100000
NL,kenneia01,2014,SDN,6100000
AL,crispco01,2009,KCA,6083333
AL,ericksc01,1999,BAL,6079931
NL,heltoto01,2012,COL,6075000
NL,biggicr01,1999,HOU,6060000
NL,walkela01,1998,COL,6050000
AL,loaizes01,2002,TOR,6050000
NL,muldema01,2005,SLN,6050000
AL,johnsra05,1996,SEA,6025000
NL,smoltjo01,1996,ATL,6000000
AL,venturo01,1996,CHA,6000000
AL,venturo01,1997,CHA,6000000
NL,dykstle01,1997,PHI,6000000
AL,knoblch01,1998,NYA,6000000
NL,dykstle01,1998,PHI,6000000
NL,jeffegr01,1998,PHI,6000000
AL,johnsra05,1998,SEA,6000000
NL,benesan01,1999,ARI,6000000
AL,nagych01,1999,CLE,6000000
NL,castivi02,1999,COL,6000000
AL,knoblch01,1999,NYA,6000000
NL,gantro01,1999,PHI,6000000
AL,salmoti01,2000,ANA,6000000
AL,clarkwi02,2000,BAL,6000000
NL,tapanke01,2000,CHN,6000000
AL,nagych01,2000,CLE,6000000
AL,knoblch01,2000,NYA,6000000
AL,moyerja01,2000,SEA,6000000
NL,kentje01,2000,SFN,6000000
NL,hentgpa01,2000,SLN,6000000
AL,guzmaju01,2000,TBA,6000000
AL,hernaro01,2000,TBA,6000000
AL,nagych01,2001,CLE,6000000
AL,hernaro01,2001,KCA,6000000
NL,ashbyan01,2001,LAN,6000000
NL,guerrvl01,2001,MON,6000000
AL,knoblch01,2001,NYA,6000000
NL,hitchst01,2001,SDN,6000000
NL,kentje01,2001,SFN,6000000
AL,guzmaju01,2001,TBA,6000000
AL,galaran01,2001,TEX,6000000
NL,lopezja01,2002,ATL,6000000
NL,aloumo01,2002,CHN,6000000
AL,nagych01,2002,CLE,6000000
AL,hernaro01,2002,KCA,6000000
NL,kleskry01,2002,SDN,6000000
NL,kentje01,2002,SFN,6000000
NL,renteed01,2002,SLN,6000000
NL,womacto01,2003,ARI,6000000
AL,wickmbo01,2003,CLE,6000000
AL,beltrca01,2003,KCA,6000000
AL,miltoer01,2003,MIN,6000000
NL,vazquja01,2003,MON,6000000
AL,hitchst01,2003,NYA,6000000
AL,matsuhi01,2003,NYA,6000000
AL,foulkke01,2003,OAK,6000000
NL,williwo02,2003,SLN,6000000
AL,lopezja01,2004,BAL,6000000
AL,thomafr04,2004,CHA,6000000
NL,clemema01,2004,CHN,6000000
NL,maddugr01,2004,CHN,6000000
NL,ramirar01,2004,CHN,6000000
NL,graveda01,2004,CIN,6000000
AL,vizquom01,2004,CLE,6000000
AL,wickmbo01,2004,CLE,6000000
NL,cabreor01,2004,MON,6000000
NL,hernali01,2004,MON,6000000
AL,karsast01,2004,NYA,6000000
NL,kleskry01,2004,SDN,6000000
AL,hallaro01,2004,TOR,6000000
AL,buehrma01,2005,CHA,6000000
AL,percitr01,2005,DET,6000000
AL,cabreor01,2005,LAA,6000000
AL,finlest01,2005,LAA,6000000
NL,sheetbe01,2005,MIL,6000000
AL,stewash01,2005,MIN,6000000
AL,karsast01,2005,NYA,6000000
AL,guarded01,2005,SEA,6000000
AL,sexsori01,2005,SEA,6000000
AL,percitr01,2006,DET,6000000
NL,garcino01,2006,LAN,6000000
AL,loaizes01,2006,OAK,6000000
NL,burnije01,2006,PIT,6000000
NL,lillyte01,2007,CHN,6000000
NL,williwo02,2007,HOU,6000000
AL,hillesh02,2007,LAA,6000000
AL,batismi01,2007,SEA,6000000
AL,gagneer01,2007,TEX,6000000
AL,loftoke01,2007,TEX,6000000
AL,nathajo01,2008,MIN,6000000
NL,moyerja01,2008,PHI,6000000
NL,bayja01,2008,PIT,6000000
AL,penaca01,2008,TBA,6000000
AL,blaloha01,2008,TEX,6000000
AL,doteloc01,2009,CHA,6000000
AL,leecl02,2009,CLE,6000000
NL,hoffmtr01,2009,MIL,6000000
AL,canoro01,2009,NYA,6000000
NL,putzjj01,2009,NYN,6000000
AL,kazmisc01,2009,TBA,6000000
AL,gonzami02,2010,BAL,6000000
AL,tejadmi01,2010,BAL,6000000
NL,cantujo01,2010,FLO,6000000
AL,matsuhi01,2010,LAA,6000000
AL,santaer01,2010,LAA,6000000
NL,derosma01,2010,SFN,6000000
NL,sanchfr01,2010,SFN,6000000
AL,gonzami02,2011,BAL,6000000
AL,jenksbo01,2011,BOS,6000000
AL,danksjo01,2011,CHA,6000000
NL,nolasri01,2011,FLO,6000000
AL,dejesda01,2011,OAK,6000000
AL,ellisma01,2011,OAK,6000000
AL,willijo03,2011,OAK,6000000
NL,derosma01,2011,SFN,6000000
NL,sanchfr01,2011,SFN,6000000
NL,saundjo01,2012,ARI,6000000
AL,jenksbo01,2012,BOS,6000000
AL,pierzaj01,2012,CHA,6000000
NL,scutama01,2012,COL,6000000
AL,soriajo01,2012,KCA,6000000
NL,nunezle01,2012,MIA,6000000
NL,ramirar01,2012,MIL,6000000
AL,crispco01,2012,OAK,6000000
NL,cabreme01,2012,SFN,6000000
NL,sanchfr01,2012,SFN,6000000
NL,rossco01,2013,ARI,6000000
NL,feldmsc01,2013,CHN,6000000
AL,reynoma01,2013,CLE,6000000
AL,peraljh01,2013,DET,6000000
NL,hernara02,2013,LAN,6000000
AL,saundjo01,2013,SEA,6000000
NL,affelje01,2013,SFN,6000000
NL,hammeja01,2014,CHN,6000000
NL,saltaja01,2014,MIA,6000000
NL,liriafr01,2014,PIT,6000000
NL,benoijo01,2014,SDN,6000000
AL,hartco01,2014,SEA,6000000
AL,jacksau01,2014,SEA,6000000
NL,affelje01,2014,SFG,6000000
NL,morsemi01,2014,SFG,6000000
NL,sandbry01,1993,CHN,5975000
NL,sandbry01,1994,CHN,5975000
AL,pettian01,1999,NYA,5950000
AL,baldwja01,2001,CHA,5950000
NL,garzama01,2011,CHN,5950000
AL,mcgrifr01,2000,TBA,5945818
NL,schmija01,2003,SFN,5937500
AL,johjike01,2007,SEA,5933333
NL,leakemi01,2014,CIN,5925000
NL,goodedw01,1993,NYN,5916667
AL,cuddymi01,2008,MIN,5916666
AL,farnsky01,2008,NYA,5916666
NL,larkiba01,1995,CIN,5900000
NL,bonilbo01,1998,FLO,5900000
NL,bonilbo01,1999,NYN,5900000
NL,ashbyan01,2000,PHI,5900000
NL,snowjt01,2002,SFN,5900000
NL,oswalro01,2005,HOU,5900000
AL,martivi01,2009,CLE,5900000
NL,montemi01,2012,ARI,5900000
NL,madsory01,2012,CIN,5897691
NL,maddugr01,1993,ATL,5875000
AL,vaughgr01,1996,ML4,5875000
NL,garcija02,2013,SLN,5875000
NL,clippty01,2014,WAS,5875000
NL,rueteki01,2003,SFN,5866667
NL,castrst01,2013,CHN,5857143
NL,willima04,1995,SFN,5850000
AL,higgibo02,2002,DET,5850000
AL,pierzaj01,2008,CHA,5850000
NL,johnske05,2011,ARI,5850000
AL,hardyjj01,2011,BAL,5850000
AL,hermadu01,2002,BOS,5833333
NL,liebejo01,2002,CHN,5833333
AL,lackejo01,2007,LAA,5833333
NL,aloumo01,2006,SFN,5827974
AL,palmede01,1998,KCA,5825000
AL,frymatr01,2002,CLE,5825000
AL,clarkwi02,1998,TEX,5812595
NL,benitar01,2001,NYN,5812500
NL,benitar01,2002,NYN,5812500
AL,gutiefr01,2012,SEA,5812500
AL,cansejo01,1995,BOS,5800000
AL,wettejo01,1998,TEX,5800000
AL,finlech01,1999,ANA,5800000
AL,hillesh02,2006,TOR,5800000
AL,napolmi01,2011,TEX,5800000
AL,jonesto02,2006,DET,5792956
AL,figgich01,2009,LAA,5775000
AL,murphda07,2013,TEX,5775000
AL,sizemgr01,2010,CLE,5766666
NL,larkiba01,1993,CIN,5750000
NL,rijojo01,1995,CIN,5750000
AL,olerujo01,1995,TOR,5750000
NL,lansimi01,1999,COL,5750000
NL,kentje01,1999,SFN,5750000
AL,offerjo01,2000,BOS,5750000
NL,hamptmi01,2000,NYN,5750000
NL,kleskry01,2000,SDN,5750000
AL,frymatr01,2001,CLE,5750000
NL,alfoned01,2001,NYN,5750000
NL,kleskry01,2001,SDN,5750000
NL,snowjt01,2001,SFN,5750000
NL,martiti02,2002,SLN,5750000
NL,gonzaal01,2003,CHN,5750000
AL,escobke01,2004,ANA,5750000
NL,gonzaal01,2004,CHN,5750000
AL,maysjo01,2004,MIN,5750000
NL,pierrju01,2006,CHN,5750000
NL,winnra01,2006,SFN,5750000
NL,koskico01,2007,MIL,5750000
AL,castilu01,2007,MIN,5750000
NL,francje01,2010,COL,5750000
NL,ethiean01,2010,LAN,5750000
AL,guthrje01,2011,BAL,5750000
AL,lestejo01,2011,BOS,5750000
AL,pedrodu01,2011,BOS,5750000
AL,crispco01,2011,OAK,5750000
NL,gallayo01,2012,MIL,5750000
AL,buchhcl01,2013,BOS,5750000
AL,jimenub01,2013,CLE,5750000
AL,anderbr04,2013,OAK,5750000
NL,walkene01,2014,PIT,5750000
NL,valdeis01,2000,CHN,5737500
NL,volqued01,2013,SDN,5725000
NL,larkiba01,1996,CIN,5700000
AL,belleal01,1996,CLE,5700000
NL,mccanbr01,2010,ATL,5700000
NL,cahiltr01,2013,ARI,5700000
NL,sandopa01,2013,SFN,5700000
NL,murphda08,2014,NYM,5700000
NL,nilssda01,1999,MIL,5694133
NL,pelfrmi01,2012,NYN,5687500
AL,masteju01,2013,CLE,5687500
AL,zobribe01,2013,TBA,5687300
AL,anderbr01,1999,BAL,5674897
AL,burksel01,2001,CLE,5666667
AL,suzukic01,2001,SEA,5666667
AL,wrighja02,2005,NYA,5666667
AL,baezda01,2007,BAL,5666667
AL,farnsky01,2007,NYA,5666667
AL,clarkwi02,1996,TEX,5657365
AL,clarkwi02,1997,TEX,5657365
AL,clemero02,1995,BOS,5655250
NL,schilcu01,2000,PHI,5650000
AL,clarkwi02,1995,TEX,5647726
AL,buhneja01,1996,SEA,5641667
NL,jonesja04,2007,CHN,5633333
NL,sheffga01,1995,FLO,5625000
NL,daalom01,2000,ARI,5625000
NL,youngke01,2000,PIT,5625000
NL,youngke01,2002,PIT,5625000
AL,hinsker01,2007,BOS,5625000
NL,vaughgr01,1999,CIN,5615428
NL,saberbr01,1996,COL,5612991
NL,bonilbo01,1997,FLO,5600000
AL,hillke01,2000,ANA,5600000
AL,appieke01,2000,OAK,5600000
NL,caseyse01,2003,CIN,5600000
NL,furcara01,2005,ATL,5600000
AL,zitoba01,2005,OAK,5600000
AL,jenksbo01,2009,CHA,5600000
NL,delarjo01,2010,COL,5600000
AL,sanchjo01,2012,KCA,5600000
AL,gardnbr01,2014,NYA,5600000
NL,liebejo01,2005,PHI,5583333
NL,saberbr01,1995,NYN,5562990
AL,thomafr04,2007,TOR,5560000
AL,cartejo01,1993,TOR,5550000
AL,cartejo01,1994,TOR,5550000
AL,frymatr01,2000,CLE,5550000
NL,morrima01,2006,SFN,5525527
AL,seleaa01,1999,TEX,5525000
NL,burnije01,2001,MIL,5512500
NL,gantro01,1994,ATL,5500000
AL,ripkeca01,1994,BAL,5500000
AL,alomaro01,1995,TOR,5500000
AL,clemero02,1996,BOS,5500000
NL,jeffegr01,1996,PHI,5500000
NL,mcgrifr01,1997,ATL,5500000
NL,sosasa01,1997,CHN,5500000
AL,oneilpa01,1997,NYA,5500000
NL,jeffegr01,1997,PHI,5500000
NL,mondera01,1998,LAN,5500000
AL,oneilpa01,1998,NYA,5500000
NL,gantro01,1998,SLN,5500000
AL,mcgrifr01,1998,TBA,5500000
AL,hillke01,1999,ANA,5500000
AL,salmoti01,1999,ANA,5500000
NL,beckro01,1999,CHN,5500000
NL,karroer01,1999,LAN,5500000
NL,burksel01,2000,SFN,5500000
NL,nenro01,2000,SFN,5500000
AL,hamiljo02,2000,TOR,5500000
AL,wellsda01,2000,TOR,5500000
NL,floydcl01,2001,FLO,5500000
NL,rolensc01,2001,PHI,5500000
AL,martied01,2001,SEA,5500000
AL,burkejo03,2002,BOS,5500000
AL,youngdm01,2002,DET,5500000
NL,hidalri01,2002,HOU,5500000
AL,burkejo03,2003,BOS,5500000
NL,grudzma01,2003,CHN,5500000
AL,vizquom01,2003,CLE,5500000
NL,ausmubr01,2003,HOU,5500000
NL,vidrojo01,2003,MON,5500000
AL,contrjo01,2003,NYA,5500000
NL,kleskry01,2003,SDN,5500000
NL,whitero02,2003,SDN,5500000
AL,grievbe01,2003,TBA,5500000
NL,pettian01,2004,HOU,5500000
AL,stewash01,2004,MIN,5500000
AL,kotsama01,2004,OAK,5500000
NL,cedenro01,2005,SLN,5500000
AL,moyerja01,2006,SEA,5500000
NL,davisdo02,2007,ARI,5500000
AL,pierzaj01,2007,CHA,5500000
NL,jennija01,2007,HOU,5500000
AL,ibanera01,2007,SEA,5500000
NL,johnsni01,2007,WAS,5500000
NL,webbbr01,2008,ARI,5500000
NL,matsuka01,2008,HOU,5500000
NL,gordoto01,2008,PHI,5500000
AL,ibanera01,2008,SEA,5500000
NL,loopebr01,2008,SLN,5500000
NL,pineijo01,2008,SLN,5500000
NL,johnsni01,2008,WAS,5500000
AL,smoltjo01,2009,BOS,5500000
AL,derosma01,2009,CLE,5500000
NL,hawpebr01,2009,COL,5500000
NL,ramirha01,2009,FLO,5500000
NL,matsuka01,2009,HOU,5500000
AL,pettian01,2009,NYA,5500000
NL,johnsni01,2009,WAS,5500000
AL,scutama01,2010,BOS,5500000
NL,matsuka01,2010,HOU,5500000
AL,rodnefe01,2010,LAA,5500000
AL,grandcu01,2010,NYA,5500000
AL,johnsni01,2010,NYA,5500000
AL,ellisma01,2010,OAK,5500000
AL,guerrvl01,2010,TEX,5500000
NL,saundjo01,2011,ARI,5500000
NL,linebsc01,2011,ATL,5500000
AL,scutama01,2011,BOS,5500000
NL,byrdma01,2011,CHN,5500000
NL,tulowtr01,2011,COL,5500000
AL,benoijo01,2011,DET,5500000
AL,ingebr01,2011,DET,5500000
AL,rodnefe01,2011,LAA,5500000
